<Events startTimestamp="1447089099658" logVersion="0.11.0.201504031625" osName="Mac OS X" osVersion="10.11.1" lineSeparator="\n" numMonitors="3" monitorBounds="[0, 0, 1920, 1080], [1920, 0, 1280, 800], [-1080, -688, 1080, 1920]">
  <Command __id="0" _type="ShellBoundsCommand" bounds="[0, 23, 1920, 1053]" timestamp="18" />
  <Command __id="1" _type="FileOpenCommand" docASTNodeCount="870" docActiveCodeLength="4706" docExpressionCount="608" docLength="4954" projectName="assignment2" timestamp="74">
    <filePath><![CDATA[/Users/rafael/Workspace/UZH/distributedsystems/assignment2/assignment2/src/assignment2/WordFreq.java]]></filePath>
    <snapshot><![CDATA[package assignment2;

import java.io.IOException;
import java.util.StringTokenizer;

import org.apache.hadoop.conf.Configuration;
import org.apache.hadoop.fs.FileSystem;
import org.apache.hadoop.fs.Path;
import org.apache.hadoop.io.IntWritable;
import org.apache.hadoop.io.LongWritable;
import org.apache.hadoop.io.Text;
import org.apache.hadoop.mapreduce.Job;
import org.apache.hadoop.mapreduce.Mapper;
import org.apache.hadoop.mapreduce.Reducer;
import org.apache.hadoop.mapreduce.lib.input.FileInputFormat;
import org.apache.hadoop.mapreduce.lib.output.FileOutputFormat;

public class WordFreq {	
	
	
	/*
	 * WordFreq Job
	 */
	public static class WordFreqMapper extends Mapper<LongWritable, Text, Text, IntWritable> {
		
		@Override
		public void map(LongWritable key, Text value, Context context) throws IOException, InterruptedException {
			String line = value.toString();
			line = line.replaceAll(",", " ");
			line = line.replaceAll("-", " ");
			line = line.replaceAll("\\.", " ");
			line = line.toLowerCase();
			
			StringTokenizer tokenizer = new StringTokenizer(line);
			//tokenizer.nextToken();
			while(tokenizer.hasMoreTokens()){
				context.write(new Text(tokenizer.nextToken()), new IntWritable(1));
			}
		}
	}
	
	public static class WordFreqReducer extends Reducer<Text, IntWritable, Text, IntWritable> {
				
		@Override
		public void reduce(Text key, Iterable<IntWritable> values, Context context) throws IOException, InterruptedException {
			IntWritable result = new IntWritable(0);
			for (IntWritable val : values) {
				result.set(result.get() + val.get());
			}
			context.write(key, result);		
		}
	}

	/*
	 * Sorting Job
	 */
	public static class WordFreqSortMapper extends Mapper<LongWritable, Text, IntWritable , Text>{
		
		@Override
		protected void map(LongWritable key, Text value, Context context) throws IOException, InterruptedException{
			
			String[] line = value.toString().split("\t");
			Text word = new Text(line[0]);

			IntWritable hits = new IntWritable(Integer.parseInt(line[1])){
				@Override
				public int compareTo(IntWritable o){
					return (new Integer(this.get()).compareTo(new Integer(o.get())));
				}
			};
			try {
				context.write((IntWritable)hits, word);
			} catch (IOException e) {
				// FIXME IOException here
				e.printStackTrace();
				throw e;
			}
		}
	}
	
	public static class WordFreqSortReducer extends Reducer<IntWritable, Text , Text , IntWritable>{
			
		@Override
		protected void reduce(IntWritable key, Iterable<Text> values, Context context) throws IOException, InterruptedException{
			int sum = 0;
			System.out.println("Hi");
			for(Text i : values){
				sum++;
				context.write(i,key);
			}
			System.out.println(sum);
		}
	}

	
	public static void main(String[] args) throws Exception{
		final String NAME_NODE = "hdfs://sandbox.hortonworks.com:8020";
		
		//final Path input_path		= args[0]+"data/plot_summaries.txt";
		final String input_path		= args[0]+"data/test.txt";
		final String temp_path 		= args[0]+"temp/";
		final String output_path	= args[0]+args[1];
		
		Configuration conf = new Configuration();
		FileSystem fs = FileSystem.get(conf);
		/*
		 * WordFreq Job
		 */
		
		if (fs.exists(new Path (temp_path))){
			fs.delete(new Path (temp_path), true);
		}
		
		Job job = Job.getInstance(conf, "WordFreq");
		job.setJarByClass(WordFreq.class);
		
		job.setMapperClass(WordFreqMapper.class);
		job.setReducerClass(WordFreqReducer.class);	

		job.setMapOutputKeyClass(Text.class);
		job.setMapOutputValueClass(IntWritable.class);
		
		job.setOutputKeyClass(Text.class);
		job.setOutputValueClass(IntWritable.class);	
		
		job.setNumReduceTasks(args.length > 2 ? Integer.parseInt(args[2]) : 1);	
		
		FileInputFormat.addInputPath(job, new Path(input_path));
		FileOutputFormat.setOutputPath(job, new Path(temp_path));

		System.out.print(job.getJobName()+"\t");
		System.out.println((job.waitForCompletion(true) 		? "SUCCESS" : "FAIL"));
		/*
		 * Sorting job
		 */
		
		Configuration sortConf = new Configuration();
		Job sortJob = Job.getInstance(sortConf, "SortWordFreq");
		sortJob.setJarByClass(WordFreq.class);
		
		sortJob.setMapperClass(WordFreqSortMapper.class);
		sortJob.setReducerClass(WordFreqSortReducer.class);	
		
		sortJob.setMapOutputKeyClass(IntWritable.class);
		sortJob.setMapOutputValueClass(Text.class);
		
		sortJob.setOutputKeyClass(Text.class);
		sortJob.setOutputValueClass(IntWritable.class);	
		
		sortJob.setNumReduceTasks(args.length > 2 ? Integer.parseInt(args[2]) : 1);
		
		FileInputFormat.addInputPath(sortJob, new Path(temp_path));
		FileOutputFormat.setOutputPath(sortJob,new Path(output_path));
		
		if (fs.exists(new Path(output_path))) {
			fs.delete(new Path(output_path), true);
		}
			
		System.out.print(sortJob.getJobName()+"\t");
		System.out.println((sortJob.waitForCompletion(true) 	? "SUCCESS" : "FAIL"));
		if (fs.exists(new Path (temp_path))){
			//fs.delete(new Path (temp_path), true);
		}
	}
}
]]></snapshot>
  </Command>
  <Command __id="2" _type="MoveCaretCommand" caretOffset="3711" docOffset="4235" timestamp="476" />
  <Command __id="3" _type="MoveCaretCommand" caretOffset="2695" docOffset="3219" timestamp="5294" />
