<Events startTimestamp="1446378087184" logVersion="0.11.0.201504031625" osName="Mac OS X" osVersion="10.11.1" lineSeparator="\n" numMonitors="3" monitorBounds="[0, 0, 1920, 1080], [1920, 0, 1280, 800], [-1080, -688, 1080, 1920]">
  <Command __id="0" _type="ShellBoundsCommand" bounds="[0, 23, 1920, 1053]" timestamp="20" />
  <Command __id="1" _type="FileOpenCommand" docASTNodeCount="499" docActiveCodeLength="2638" docExpressionCount="355" docLength="2809" projectName="assignment2" timestamp="62">
    <filePath><![CDATA[/Users/rafael/Workspace/UZH/distributedsystems/assignment2/assignment2/src/assignment2/WordCount.java]]></filePath>
    <snapshot><![CDATA[package assignment2;

import java.io.IOException;
import java.util.Set;
import java.util.StringTokenizer;

import org.apache.hadoop.*;
import org.apache.hadoop.conf.Configuration;
import org.apache.hadoop.fs.FileSystem;
import org.apache.hadoop.fs.Path;
import org.apache.hadoop.io.IntWritable;
import org.apache.hadoop.io.NullWritable;
import org.apache.hadoop.io.Text;
import org.apache.hadoop.mapreduce.Job;
import org.apache.hadoop.mapreduce.Mapper;
import org.apache.hadoop.mapreduce.Reducer;
import org.apache.hadoop.mapreduce.Mapper.Context;
import org.apache.hadoop.mapreduce.lib.input.FileInputFormat;
import org.apache.hadoop.mapreduce.lib.output.FileOutputFormat;


public class WordCount {

	public static class WordCountMapper extends Mapper<Object, Text, Text, IntWritable> {

		Set<String> stopWords;
		private final static IntWritable one = new IntWritable(1);
		private Text word = new Text("1");

		@Override
		public void map(Object key, Text value, Context context) throws IOException, InterruptedException {
			String line = value.toString();

			StringTokenizer tokenizer = new StringTokenizer(line);
			context.write(word, new IntWritable(tokenizer.countTokens()-1));
			
		}
	}
	
	public static class WordCountReducer extends Reducer<Text, IntWritable, IntWritable, NullWritable> {
		
		//private IntWritable result = new IntWritable();
		
		public void reduce(Text key, Iterable<IntWritable> values, Context context) throws IOException, InterruptedException {
			IntWritable result = new IntWritable(0);
			for (IntWritable val : values) {
				result.set(result.get() + val.get());
			}			
			context.write(result, NullWritable.get());
		}
	}

	public static void main(String[] args) throws Exception {

		final String NAME_NODE = "hdfs://sandbox.hortonworks.com:8020";
		Configuration conf = new Configuration();
		Job job = Job.getInstance(conf, "WordCount");

		job.setMapOutputKeyClass(Text.class);
		job.setMapOutputValueClass(IntWritable.class);
		job.setOutputKeyClass(IntWritable.class);
		job.setOutputValueClass(NullWritable.class);
		
		job.setMapperClass(WordCountMapper.class);
		//job.setCombinerClass(WordCountReducer.class);
		job.setReducerClass(WordCountReducer.class);
		
		job.setJarByClass(WordCount.class);

		job.setNumReduceTasks(args.length > 2 ? Integer.parseInt(args[2]) : 1);
		
		
		FileSystem fs = FileSystem.get(conf);
		// handle (e.g. delete) existing output path
		Path outputDestination = new Path(args[0]+args[1]);
		if (fs.exists(outputDestination)) {
			fs.delete(outputDestination, true);
		}

		// set output path & start job1
		FileInputFormat.addInputPath(job, new Path(args[0]+"data/plot_summaries.txt"));
		FileOutputFormat.setOutputPath(job, outputDestination);
		System.out.println(job.waitForCompletion(true) ? "SUCCESS" : "FAIL");
	}
}
]]></snapshot>
  </Command>
  <Command __id="2" _type="MoveCaretCommand" caretOffset="1169" docOffset="1794" timestamp="751" />
  <Command __id="3" _type="MoveCaretCommand" caretOffset="497" docOffset="1122" timestamp="832" />
  <Command __id="4" _type="ShellBoundsCommand" bounds="[-1080, -665, 1080, 1897]" repeat="6" timestamp="10551" timestamp2="11778" />
  <Command __id="10" _type="MoveCaretCommand" caretOffset="1445" docOffset="2070" timestamp="15187" />
  <Command __id="11" _type="MoveCaretCommand" caretOffset="1102" docOffset="1727" timestamp="15648" />
  <Command __id="12" _type="MoveCaretCommand" caretOffset="735" docOffset="1360" timestamp="17379" />
  <Command __id="13" _type="MoveCaretCommand" caretOffset="185" docOffset="810" timestamp="35042" />
  <Command __id="14" _type="SelectTextCommand" caretOffset="189" docEnd="814" docOffset="814" docStart="805" end="189" start="180" timestamp="35191" />
  <Command __id="15" _type="SelectTextCommand" caretOffset="191" docEnd="816" docOffset="816" docStart="791" end="191" start="166" timestamp="35357" />
  <DocumentChange __id="16" _type="Delete" docASTNodeCount="491" docActiveCodeLength="2613" docExpressionCount="352" docLength="2784" endLine="26" length="25" offset="791" startLine="25" timestamp="36612">
    <text><![CDATA[		Set<String> stopWords;
]]></text>
  </DocumentChange>
  <Command __id="17" _type="EclipseCommand" commandID="eventLogger.styledTextCommand.DELETE_PREVIOUS" timestamp="36643" />
  <Command __id="18" _type="MoveCaretCommand" caretOffset="214" docOffset="839" timestamp="40523" />
  <Command __id="19" _type="SelectTextCommand" caretOffset="222" docEnd="847" docOffset="847" docStart="836" end="222" start="211" timestamp="40656" />
  <Command __id="20" _type="SelectTextCommand" caretOffset="227" docEnd="852" docOffset="852" docStart="791" end="227" start="166" timestamp="40836" />
  <DocumentChange __id="21" _type="Delete" docASTNodeCount="479" docActiveCodeLength="2552" docExpressionCount="347" docLength="2723" endLine="26" length="61" offset="791" startLine="25" timestamp="41491">
    <text><![CDATA[		private final static IntWritable one = new IntWritable(1);
]]></text>
  </DocumentChange>
  <Command __id="22" _type="EclipseCommand" commandID="eventLogger.styledTextCommand.DELETE_PREVIOUS" timestamp="41501" />
  <Command __id="23" _type="MoveCaretCommand" caretOffset="77" docOffset="702" timestamp="51985" />
  <DocumentChange __id="24" _type="Insert" docASTNodeCount="479" docActiveCodeLength="2554" docExpressionCount="347" docLength="2725" length="2" offset="702" timestamp="53585">
    <text><![CDATA[
	]]></text>
  </DocumentChange>
  <Command __id="25" _type="InsertStringCommand" timestamp="53637">
    <data><![CDATA[]]></data>
  </Command>
  <DocumentChange __id="26" _type="Insert" docASTNodeCount="485" docActiveCodeLength="2575" docExpressionCount="349" docLength="2746" length="21" offset="704" repeat="21" timestamp="53667" timestamp2="60718">
    <text><![CDATA[	private Text word = ]]></text>
  </DocumentChange>
  <Command __id="27" _type="InsertStringCommand" repeat="21" timestamp="53671" timestamp2="60733">
    <data><![CDATA[	private Text word = ]]></data>
  </Command>
  <DocumentChange __id="68" _type="Insert" docASTNodeCount="485" docActiveCodeLength="2589" docExpressionCount="349" docLength="2760" length="14" offset="725" repeat="12" timestamp="66780" timestamp2="71907">
    <text><![CDATA[new Text("1";)]]></text>
  </DocumentChange>
  <Command __id="69" _type="InsertStringCommand" repeat="11" timestamp="66799" timestamp2="70543">
    <data><![CDATA[new Text("1]]></data>
  </Command>
  <Command __id="90" _type="EclipseCommand" commandID="eventLogger.styledTextCommand.COLUMN_NEXT" timestamp="71135" />
  <Command __id="92" _type="InsertStringCommand" timestamp="71917">
    <data><![CDATA[;]]></data>
  </Command>
  <DocumentChange __id="93" _type="Delete" docASTNodeCount="489" docActiveCodeLength="2588" docExpressionCount="352" docLength="2759" endLine="23" length="1" offset="737" startLine="23" timestamp="73627">
    <text><![CDATA[;]]></text>
  </DocumentChange>
  <Command __id="94" _type="EclipseCommand" commandID="eventLogger.styledTextCommand.DELETE_PREVIOUS" timestamp="73634" />
  <Command __id="95" _type="EclipseCommand" commandID="eventLogger.styledTextCommand.COLUMN_NEXT" timestamp="74046" />
  <DocumentChange __id="96" _type="Insert" docASTNodeCount="489" docActiveCodeLength="2589" docExpressionCount="352" docLength="2760" length="1" offset="738" timestamp="74929">
    <text><![CDATA[;]]></text>
  </DocumentChange>
  <Command __id="97" _type="InsertStringCommand" timestamp="74943">
    <data><![CDATA[;]]></data>
  </Command>
  <Command __id="98" _type="MoveCaretCommand" caretOffset="221" docOffset="846" timestamp="76590" />
  <Command __id="99" _type="SelectTextCommand" caretOffset="222" docEnd="847" docOffset="847" docStart="843" end="222" start="218" timestamp="76734" />
  <Command __id="100" _type="SelectTextCommand" caretOffset="240" docEnd="865" docOffset="865" docStart="828" end="240" start="203" timestamp="76914" />
  <DocumentChange __id="101" _type="Delete" docASTNodeCount="479" docActiveCodeLength="2552" docExpressionCount="347" docLength="2723" endLine="27" length="37" offset="828" startLine="26" timestamp="78841">
    <text><![CDATA[		private Text word = new Text("1");
]]></text>
  </DocumentChange>
  <Command __id="102" _type="EclipseCommand" commandID="eventLogger.styledTextCommand.DELETE_PREVIOUS" timestamp="78851" />
  <Command __id="103" _type="MoveCaretCommand" caretOffset="429" docOffset="1054" timestamp="81190" />
  <DocumentChange __id="104" _type="Insert" docASTNodeCount="481" docActiveCodeLength="2557" docExpressionCount="349" docLength="2728" length="5" offset="1054" repeat="5" timestamp="82048" timestamp2="82628">
    <text><![CDATA[this.]]></text>
  </DocumentChange>
  <Command __id="105" _type="InsertStringCommand" repeat="5" timestamp="82062" timestamp2="82640">
    <data><![CDATA[this.]]></data>
  </Command>
  <Command __id="114" _type="AssistCommand" assist_type="CONTENT_ASSIST" auto_activated="true" start_end="START" timestamp="83512" />
  <Command __id="115" _type="AssistCommand" assist_type="CONTENT_ASSIST" auto_activated="false" start_end="END" timestamp="91298" />
  <DocumentChange __id="116" _type="Insert" docASTNodeCount="482" docActiveCodeLength="2564" docExpressionCount="349" docLength="2735" length="7" offset="712" repeat="7" timestamp="92416" timestamp2="93218">
    <text><![CDATA[ static]]></text>
  </DocumentChange>
  <Command __id="117" _type="InsertStringCommand" repeat="7" timestamp="92430" timestamp2="93231">
    <data><![CDATA[ static]]></data>
  </Command>
  <Command __id="130" _type="MoveCaretCommand" caretOffset="437" docOffset="1062" timestamp="94757" />
  <Command __id="131" _type="SelectTextCommand" caretOffset="440" docEnd="1065" docOffset="1065" docStart="1061" end="440" start="436" timestamp="94925" />
  <DocumentChange __id="132" _type="Replace" docASTNodeCount="482" docActiveCodeLength="2569" docExpressionCount="349" docLength="2740" endLine="32" insertionLength="9" int_docASTNodeCount="480" int_docActiveCodeLength="2560" int_docExpressionCount="347" int_docLength="2731" length="4" offset="1061" repeat="9" startLine="32" timestamp="96748" timestamp2="98148">
    <deletedText><![CDATA[this]]></deletedText>
    <insertedText><![CDATA[WordCount]]></insertedText>
  </DocumentChange>
  <Command __id="133" _type="InsertStringCommand" repeat="9" timestamp="96762" timestamp2="98171">
    <data><![CDATA[WordCount]]></data>
  </Command>
  <Command __id="150" _type="MoveCaretCommand" caretOffset="509" docOffset="1134" timestamp="99662" />
  <Command __id="151" _type="EclipseCommand" commandID="org.eclipse.ui.file.save" timestamp="100430" />
  <Command __id="152" _type="MoveCaretCommand" caretOffset="966" docOffset="1591" timestamp="192888" />
  <Command __id="153" _type="MoveCaretCommand" caretOffset="834" docOffset="1459" timestamp="193136" />
  <Command __id="154" _type="InsertStringCommand" timestamp="194666">
    <data><![CDATA[s]]></data>
  </Command>
  <Command __id="155" _type="FileOpenCommand" docASTNodeCount="12" docActiveCodeLength="78" docExpressionCount="7" docLength="78" projectName="assignment2" timestamp="207988">
    <filePath><![CDATA[/Users/rafael/Workspace/UZH/distributedsystems/assignment2/assignment2/src/assignment2/WordFreq.java]]></filePath>
    <snapshot><![CDATA[package assignment2;

import org.apache.hadoop.*;

public class WordFreq {

}
]]></snapshot>
  </Command>
  <Command __id="156" _type="FileOpenCommand" docASTNodeCount="482" docActiveCodeLength="2569" docExpressionCount="349" docLength="2740" projectName="assignment2" timestamp="208081">
    <filePath><![CDATA[/Users/rafael/Workspace/UZH/distributedsystems/assignment2/assignment2/src/assignment2/WordCount.java]]></filePath>
  </Command>
  <Command __id="157" _type="MoveCaretCommand" caretOffset="49" docOffset="49" timestamp="208595" />
  <Command __id="158" _type="MoveCaretCommand" caretOffset="834" docOffset="1459" timestamp="208596" />
  <Command __id="159" _type="FileOpenCommand" docASTNodeCount="469" docActiveCodeLength="2561" docExpressionCount="317" docLength="2669" projectName="assignment2" timestamp="213149">
    <filePath><![CDATA[/Users/rafael/Workspace/UZH/distributedsystems/assignment2/assignment2/src/assignment2/WordCountExample.java]]></filePath>
    <snapshot><![CDATA[package assignment2;

import java.io.*;
import java.net.URI;
import java.util.HashSet;
import java.util.Set;
import java.util.StringTokenizer;

import org.apache.hadoop.conf.Configuration;
import org.apache.hadoop.fs.*;
import org.apache.hadoop.io.*;
import org.apache.hadoop.mapreduce.*;
import org.apache.hadoop.mapreduce.lib.input.*;
import org.apache.hadoop.mapreduce.lib.output.*;

public class WordCountExample {

	public static class CountMapper extends Mapper<Object, Text, Text, IntWritable> {

		Set<String> stopWords;
		private final static IntWritable one = new IntWritable(1);
		//private Text word = new Text();
		
		@Override
		public void setup(Context context) throws IOException {
		}

		@Override
		public void map(Object key, Text value, Context context) throws IOException, InterruptedException {
			String line = value.toString();
			line = line.replaceAll(",", "");
			line = line.replaceAll("\\.", "");
			line = line.replaceAll("-", " ");
			line = line.replaceAll("\"", "");
			StringTokenizer tokenizer = new StringTokenizer(line);
			int movieId = Integer.parseInt(tokenizer.nextToken());
			while (tokenizer.hasMoreTokens()) {
				String word = tokenizer.nextToken().toLowerCase();
				context.write(new Text("1"), one);
			}
		}
	}

	public static class CountReducer extends Reducer<Text, IntWritable, IntWritable, NullWritable> {
		
		public void reduce(Text key, Iterable<IntWritable> values, Context context) throws IOException, InterruptedException {
			int sum = 0;
			for (IntWritable val : values) {
				sum++;
			}
			context.write(new IntWritable(sum), NullWritable.get());
		}
	}

	public static void main(String[] args) throws Exception {

		final String NAME_NODE = "hdfs://sandbox.hortonworks.com:8020";
		Configuration conf = new Configuration();
		Job job = Job.getInstance(conf, "word count");

		job.setMapOutputKeyClass(Text.class);
		job.setMapOutputValueClass(IntWritable.class);
		job.setOutputKeyClass(IntWritable.class);
		job.setOutputValueClass(NullWritable.class);
		
		job.setMapperClass(CountMapper.class);
		job.setReducerClass(CountReducer.class);
		
		job.setJarByClass(WordCountExample.class);

		job.setNumReduceTasks(args.length > 2 ? Integer.parseInt(args[2]) : 1);
		
		
		FileSystem fs = FileSystem.get(conf);
		// handle (e.g. delete) existing output path
		Path outputDestination = new Path(args[0]+args[1]);
		if (fs.exists(outputDestination)) {
			fs.delete(outputDestination, true);
		}

		// set output path & start job1
		FileInputFormat.addInputPath(job, new Path(args[0]+"data/plot_summaries.txt"));
		FileOutputFormat.setOutputPath(job, outputDestination);
		job.waitForCompletion(true);
	}
}]]></snapshot>
  </Command>
  <Command __id="160" _type="MoveCaretCommand" caretOffset="654" docOffset="1000" timestamp="213645" />
  <Command __id="161" _type="FileOpenCommand" docASTNodeCount="12" docActiveCodeLength="78" docExpressionCount="7" docLength="78" projectName="assignment2" timestamp="222182">
    <filePath><![CDATA[/Users/rafael/Workspace/UZH/distributedsystems/assignment2/assignment2/src/assignment2/WordFreq.java]]></filePath>
  </Command>
  <Command __id="162" _type="MoveCaretCommand" caretOffset="49" docOffset="49" timestamp="222343" />
  <Command __id="163" _type="FileOpenCommand" docASTNodeCount="469" docActiveCodeLength="2561" docExpressionCount="317" docLength="2669" projectName="assignment2" timestamp="225537">
    <filePath><![CDATA[/Users/rafael/Workspace/UZH/distributedsystems/assignment2/assignment2/src/assignment2/WordCountExample.java]]></filePath>
  </Command>
  <Command __id="164" _type="FileOpenCommand" docASTNodeCount="12" docActiveCodeLength="78" docExpressionCount="7" docLength="78" projectName="assignment2" timestamp="225610">
    <filePath><![CDATA[/Users/rafael/Workspace/UZH/distributedsystems/assignment2/assignment2/src/assignment2/WordFreq.java]]></filePath>
  </Command>
  <Command __id="165" _type="MoveCaretCommand" caretOffset="654" docOffset="1000" timestamp="225821" />
  <Command __id="166" _type="MoveCaretCommand" caretOffset="49" docOffset="49" timestamp="225859" />
  <Command __id="167" _type="FileOpenCommand" docASTNodeCount="482" docActiveCodeLength="2569" docExpressionCount="349" docLength="2740" projectName="assignment2" timestamp="227563">
    <filePath><![CDATA[/Users/rafael/Workspace/UZH/distributedsystems/assignment2/assignment2/src/assignment2/WordCount.java]]></filePath>
  </Command>
  <Command __id="168" _type="MoveCaretCommand" caretOffset="834" docOffset="1459" timestamp="227733" />
  <Command __id="169" _type="MoveCaretCommand" caretOffset="80" docOffset="705" timestamp="231228" />
  <DocumentChange __id="170" _type="Delete" docASTNodeCount="482" docActiveCodeLength="2568" docExpressionCount="349" docLength="2739" endLine="23" length="1" offset="704" startLine="23" timestamp="232054">
    <text><![CDATA[	]]></text>
  </DocumentChange>
  <Command __id="171" _type="EclipseCommand" commandID="eventLogger.styledTextCommand.DELETE_PREVIOUS" timestamp="232063" />
  <Command __id="172" _type="EclipseCommand" commandID="org.eclipse.ui.file.save" timestamp="233231" />
  <Command __id="173" _type="MoveCaretCommand" caretOffset="120" docOffset="745" timestamp="234728" />
  <DocumentChange __id="174" _type="Insert" docASTNodeCount="482" docActiveCodeLength="2570" docExpressionCount="349" docLength="2741" length="2" offset="745" timestamp="235298">
    <text><![CDATA[
	]]></text>
  </DocumentChange>
  <Command __id="175" _type="InsertStringCommand" timestamp="235350">
    <data><![CDATA[]]></data>
  </Command>
  <Command __id="176" _type="EclipseCommand" commandID="org.eclipse.ui.file.save" timestamp="236641" />
  <Command __id="177" _type="SelectTextCommand" caretOffset="2115" docEnd="2740" docOffset="2740" docStart="704" end="2115" start="79" timestamp="254482" />
  <Command __id="178" _type="MoveCaretCommand" caretOffset="2113" docOffset="2738" timestamp="255056" />
  <Command __id="179" _type="SelectTextCommand" caretOffset="79" docEnd="2738" docOffset="704" docStart="704" end="2113" start="79" timestamp="259028" />
  <Command __id="180" _type="CopyCommand" timestamp="259906" />
  <Command __id="181" _type="FileOpenCommand" docASTNodeCount="12" docActiveCodeLength="78" docExpressionCount="7" docLength="78" projectName="assignment2" timestamp="262171">
    <filePath><![CDATA[/Users/rafael/Workspace/UZH/distributedsystems/assignment2/assignment2/src/assignment2/WordFreq.java]]></filePath>
  </Command>
  <Command __id="182" _type="MoveCaretCommand" caretOffset="49" docOffset="49" timestamp="262278" />
  <Command __id="183" _type="MoveCaretCommand" caretOffset="75" docOffset="75" timestamp="263100" />
  <DocumentChange __id="184" _type="Insert" docASTNodeCount="12" docActiveCodeLength="79" docExpressionCount="7" docLength="79" length="1" offset="75" timestamp="264001">
    <text><![CDATA[	]]></text>
  </DocumentChange>
  <Command __id="185" _type="InsertStringCommand" repeat="2" timestamp="264004" timestamp2="264004">
    <data><![CDATA[		]]></data>
  </Command>
  <DocumentChange __id="187" _type="Delete" docASTNodeCount="12" docActiveCodeLength="78" docExpressionCount="7" docLength="78" endLine="5" length="1" offset="75" startLine="5" timestamp="264452">
    <text><![CDATA[	]]></text>
  </DocumentChange>
  <DocumentChange __id="188" _type="Insert" docASTNodeCount="12" docActiveCodeLength="79" docExpressionCount="7" docLength="79" length="2034" offset="75" timestamp="264453">
    <text><![CDATA[private static Text word = new Text("1");
	
	public static class WordCountMapper extends Mapper<Object, Text, Text, IntWritable> {


		@Override
		public void map(Object key, Text value, Context context) throws IOException, InterruptedException {
			String line = value.toString();

			StringTokenizer tokenizer = new StringTokenizer(line);
			context.write(WordCount.word, new IntWritable(tokenizer.countTokens()-1));
			
		}
	}
	
	public static class WordCountReducer extends Reducer<Text, IntWritable, IntWritable, NullWritable> {
		
		//private IntWritable result = new IntWritable();
		
		public void reduce(Text key, Iterable<IntWritable> values, Context context) throws IOException, InterruptedException {
			IntWritable result = new IntWritable(0);
			for (IntWritable val : values) {
				result.set(result.get() + val.get());
			}			
			context.write(result, NullWritable.get());
		}
	}

	public static void main(String[] args) throws Exception {

		final String NAME_NODE = "hdfs://sandbox.hortonworks.com:8020";
		Configuration conf = new Configuration();
		Job job = Job.getInstance(conf, "WordCount");

		job.setMapOutputKeyClass(Text.class);
		job.setMapOutputValueClass(IntWritable.class);
		job.setOutputKeyClass(IntWritable.class);
		job.setOutputValueClass(NullWritable.class);
		
		job.setMapperClass(WordCountMapper.class);
		//job.setCombinerClass(WordCountReducer.class);
		job.setReducerClass(WordCountReducer.class);
		
		job.setJarByClass(WordCount.class);

		job.setNumReduceTasks(args.length > 2 ? Integer.parseInt(args[2]) : 1);
		
		
		FileSystem fs = FileSystem.get(conf);
		// handle (e.g. delete) existing output path
		Path outputDestination = new Path(args[0]+args[1]);
		if (fs.exists(outputDestination)) {
			fs.delete(outputDestination, true);
		}

		// set output path & start job1
		FileInputFormat.addInputPath(job, new Path(args[0]+"data/plot_summaries.txt"));
		FileOutputFormat.setOutputPath(job, outputDestination);
		System.out.println(job.waitForCompletion(true) ? "SUCCESS" : "FAIL");
	}]]></text>
  </DocumentChange>
  <DocumentChange __id="189" _type="Insert" docASTNodeCount="340" docActiveCodeLength="1987" docExpressionCount="221" docLength="2158" length="46" offset="49" timestamp="264699">
    <text><![CDATA[import assignment2.WordCount.WordCountReducer;]]></text>
  </DocumentChange>
  <DocumentChange __id="190" _type="Insert" docASTNodeCount="340" docActiveCodeLength="1988" docExpressionCount="221" docLength="2159" length="1" offset="49" timestamp="264701">
    <text><![CDATA[
]]></text>
  </DocumentChange>
  <DocumentChange __id="191" _type="Insert" docASTNodeCount="346" docActiveCodeLength="2033" docExpressionCount="226" docLength="2204" length="45" offset="49" timestamp="264704">
    <text><![CDATA[import assignment2.WordCount.WordCountMapper;]]></text>
  </DocumentChange>
  <DocumentChange __id="192" _type="Insert" docASTNodeCount="346" docActiveCodeLength="2035" docExpressionCount="226" docLength="2206" length="2" offset="49" timestamp="264706">
    <text><![CDATA[

]]></text>
  </DocumentChange>
  <DocumentChange __id="193" _type="Insert" docASTNodeCount="360" docActiveCodeLength="2098" docExpressionCount="239" docLength="2269" length="63" offset="49" timestamp="264709">
    <text><![CDATA[import org.apache.hadoop.mapreduce.lib.output.FileOutputFormat;]]></text>
  </DocumentChange>
  <DocumentChange __id="194" _type="Insert" docASTNodeCount="360" docActiveCodeLength="2099" docExpressionCount="239" docLength="2270" length="1" offset="49" timestamp="264711">
    <text><![CDATA[
]]></text>
  </DocumentChange>
  <DocumentChange __id="195" _type="Insert" docASTNodeCount="374" docActiveCodeLength="2160" docExpressionCount="252" docLength="2331" length="61" offset="49" timestamp="264713">
    <text><![CDATA[import org.apache.hadoop.mapreduce.lib.input.FileInputFormat;]]></text>
  </DocumentChange>
  <DocumentChange __id="196" _type="Insert" docASTNodeCount="374" docActiveCodeLength="2161" docExpressionCount="252" docLength="2332" length="1" offset="49" timestamp="264715">
    <text><![CDATA[
]]></text>
  </DocumentChange>
  <DocumentChange __id="197" _type="Insert" docASTNodeCount="386" docActiveCodeLength="2212" docExpressionCount="263" docLength="2383" length="51" offset="49" timestamp="264717">
    <text><![CDATA[import org.apache.hadoop.mapreduce.Reducer.Context;]]></text>
  </DocumentChange>
  <DocumentChange __id="198" _type="Insert" docASTNodeCount="386" docActiveCodeLength="2213" docExpressionCount="263" docLength="2384" length="1" offset="49" timestamp="264719">
    <text><![CDATA[
]]></text>
  </DocumentChange>
  <DocumentChange __id="199" _type="Insert" docASTNodeCount="396" docActiveCodeLength="2256" docExpressionCount="272" docLength="2427" length="43" offset="49" timestamp="264721">
    <text><![CDATA[import org.apache.hadoop.mapreduce.Reducer;]]></text>
  </DocumentChange>
  <DocumentChange __id="200" _type="Insert" docASTNodeCount="396" docActiveCodeLength="2257" docExpressionCount="272" docLength="2428" length="1" offset="49" timestamp="264723">
    <text><![CDATA[
]]></text>
  </DocumentChange>
  <DocumentChange __id="201" _type="Insert" docASTNodeCount="406" docActiveCodeLength="2299" docExpressionCount="281" docLength="2470" length="42" offset="49" timestamp="264726">
    <text><![CDATA[import org.apache.hadoop.mapreduce.Mapper;]]></text>
  </DocumentChange>
  <DocumentChange __id="202" _type="Insert" docASTNodeCount="406" docActiveCodeLength="2300" docExpressionCount="281" docLength="2471" length="1" offset="49" timestamp="264728">
    <text><![CDATA[
]]></text>
  </DocumentChange>
  <DocumentChange __id="203" _type="Insert" docASTNodeCount="416" docActiveCodeLength="2339" docExpressionCount="290" docLength="2510" length="39" offset="49" timestamp="264730">
    <text><![CDATA[import org.apache.hadoop.mapreduce.Job;]]></text>
  </DocumentChange>
  <DocumentChange __id="204" _type="Insert" docASTNodeCount="416" docActiveCodeLength="2340" docExpressionCount="290" docLength="2511" length="1" offset="49" timestamp="264732">
    <text><![CDATA[
]]></text>
  </DocumentChange>
  <DocumentChange __id="205" _type="Insert" docASTNodeCount="426" docActiveCodeLength="2373" docExpressionCount="299" docLength="2544" length="33" offset="49" timestamp="264734">
    <text><![CDATA[import org.apache.hadoop.io.Text;]]></text>
  </DocumentChange>
  <DocumentChange __id="206" _type="Insert" docASTNodeCount="426" docActiveCodeLength="2374" docExpressionCount="299" docLength="2545" length="1" offset="49" timestamp="264736">
    <text><![CDATA[
]]></text>
  </DocumentChange>
  <DocumentChange __id="207" _type="Insert" docASTNodeCount="436" docActiveCodeLength="2415" docExpressionCount="308" docLength="2586" length="41" offset="49" timestamp="264738">
    <text><![CDATA[import org.apache.hadoop.io.NullWritable;]]></text>
  </DocumentChange>
  <DocumentChange __id="208" _type="Insert" docASTNodeCount="436" docActiveCodeLength="2416" docExpressionCount="308" docLength="2587" length="1" offset="49" timestamp="264740">
    <text><![CDATA[
]]></text>
  </DocumentChange>
  <DocumentChange __id="209" _type="Insert" docASTNodeCount="446" docActiveCodeLength="2456" docExpressionCount="317" docLength="2627" length="40" offset="49" timestamp="264742">
    <text><![CDATA[import org.apache.hadoop.io.IntWritable;]]></text>
  </DocumentChange>
  <DocumentChange __id="210" _type="Insert" docASTNodeCount="446" docActiveCodeLength="2457" docExpressionCount="317" docLength="2628" length="1" offset="49" timestamp="264744">
    <text><![CDATA[
]]></text>
  </DocumentChange>
  <DocumentChange __id="211" _type="Insert" docASTNodeCount="456" docActiveCodeLength="2490" docExpressionCount="326" docLength="2661" length="33" offset="49" timestamp="264747">
    <text><![CDATA[import org.apache.hadoop.fs.Path;]]></text>
  </DocumentChange>
  <DocumentChange __id="212" _type="Insert" docASTNodeCount="456" docActiveCodeLength="2491" docExpressionCount="326" docLength="2662" length="1" offset="49" timestamp="264749">
    <text><![CDATA[
]]></text>
  </DocumentChange>
  <DocumentChange __id="213" _type="Insert" docASTNodeCount="466" docActiveCodeLength="2530" docExpressionCount="335" docLength="2701" length="39" offset="49" timestamp="264751">
    <text><![CDATA[import org.apache.hadoop.fs.FileSystem;]]></text>
  </DocumentChange>
  <DocumentChange __id="214" _type="Insert" docASTNodeCount="466" docActiveCodeLength="2531" docExpressionCount="335" docLength="2702" length="1" offset="49" timestamp="264753">
    <text><![CDATA[
]]></text>
  </DocumentChange>
  <DocumentChange __id="215" _type="Insert" docASTNodeCount="476" docActiveCodeLength="2575" docExpressionCount="344" docLength="2746" length="44" offset="49" timestamp="264755">
    <text><![CDATA[import org.apache.hadoop.conf.Configuration;]]></text>
  </DocumentChange>
  <DocumentChange __id="216" _type="Insert" docASTNodeCount="476" docActiveCodeLength="2576" docExpressionCount="344" docLength="2747" length="1" offset="49" timestamp="264757">
    <text><![CDATA[
]]></text>
  </DocumentChange>
  <DocumentChange __id="217" _type="Insert" docASTNodeCount="476" docActiveCodeLength="2578" docExpressionCount="344" docLength="2749" length="2" offset="22" timestamp="264767">
    <text><![CDATA[

]]></text>
  </DocumentChange>
  <DocumentChange __id="218" _type="Insert" docASTNodeCount="482" docActiveCodeLength="2611" docExpressionCount="349" docLength="2782" length="33" offset="22" timestamp="264769">
    <text><![CDATA[import java.util.StringTokenizer;]]></text>
  </DocumentChange>
  <DocumentChange __id="219" _type="Insert" docASTNodeCount="482" docActiveCodeLength="2612" docExpressionCount="349" docLength="2783" length="1" offset="22" timestamp="264771">
    <text><![CDATA[
]]></text>
  </DocumentChange>
  <DocumentChange __id="220" _type="Insert" docASTNodeCount="488" docActiveCodeLength="2639" docExpressionCount="354" docLength="2810" length="27" offset="22" timestamp="264773">
    <text><![CDATA[import java.io.IOException;]]></text>
  </DocumentChange>
  <Command __id="221" _type="PasteCommand" timestamp="264906" />
  <Command __id="222" _type="MoveCaretCommand" caretOffset="748" docOffset="748" timestamp="269512" />
  <Command __id="223" _type="MoveCaretCommand" caretOffset="772" docOffset="772" timestamp="270278" />
  <DocumentChange __id="224" _type="Insert" docASTNodeCount="488" docActiveCodeLength="2641" docExpressionCount="354" docLength="2812" length="2" offset="772" timestamp="270707">
    <text><![CDATA[
	]]></text>
  </DocumentChange>
  <Command __id="225" _type="InsertStringCommand" timestamp="270743">
    <data><![CDATA[]]></data>
  </Command>
  <Command __id="226" _type="InsertStringCommand" timestamp="270743">
    <data><![CDATA[]]></data>
  </Command>
  <Command __id="227" _type="MoveCaretCommand" caretOffset="804" docOffset="804" timestamp="273012" />
  <Command __id="228" _type="SelectTextCommand" caretOffset="805" docEnd="805" docOffset="805" docStart="802" end="805" start="802" timestamp="273145" />
  <Command __id="229" _type="SelectTextCommand" caretOffset="817" docEnd="817" docOffset="817" docStart="775" end="817" start="775" timestamp="273315" />
  <DocumentChange __id="230" _type="Delete" docASTNodeCount="477" docActiveCodeLength="2598" docExpressionCount="349" docLength="2769" endLine="25" length="43" offset="774" repeat="2" startLine="23" timestamp="276374" timestamp2="276806">
    <text><![CDATA[
private static Text word = new Text("1");
]]></text>
  </DocumentChange>
  <Command __id="231" _type="EclipseCommand" commandID="eventLogger.styledTextCommand.DELETE_PREVIOUS" repeat="4" timestamp="276396" timestamp2="276822" />
  <Command __id="236" _type="EclipseCommand" commandID="org.eclipse.ui.file.save" timestamp="278143" />
  <Command __id="237" _type="SelectTextCommand" caretOffset="806" docEnd="806" docOffset="806" docStart="801" end="806" start="801" timestamp="280886" />
  <DocumentChange __id="238" _type="Replace" docASTNodeCount="477" docActiveCodeLength="2597" docExpressionCount="349" docLength="2768" endLine="24" insertionLength="4" int_docASTNodeCount="477" int_docActiveCodeLength="2593" int_docExpressionCount="349" int_docLength="2764" length="5" offset="801" repeat="4" startLine="24" timestamp="281782" timestamp2="282389">
    <deletedText><![CDATA[Count]]></deletedText>
    <insertedText><![CDATA[Freq]]></insertedText>
  </DocumentChange>
  <Command __id="239" _type="InsertStringCommand" repeat="8" timestamp="281804" timestamp2="282403">
    <data><![CDATA[FFrreeqq]]></data>
  </Command>
  <Command __id="250" _type="MoveCaretCommand" caretOffset="875" docOffset="875" timestamp="284339" />
  <Command __id="251" _type="MoveCaretCommand" caretOffset="1106" docOffset="1106" timestamp="284756" />
  <Command __id="252" _type="SelectTextCommand" caretOffset="1103" docEnd="1103" docOffset="1103" docStart="1089" end="1103" start="1089" timestamp="288908" />
  <Command __id="253" _type="MoveCaretCommand" caretOffset="1013" docOffset="1013" timestamp="295983" />
  <DocumentChange __id="254" _type="Insert" docASTNodeCount="480" docActiveCodeLength="2604" docExpressionCount="351" docLength="2775" length="7" offset="1013" repeat="5" timestamp="297029" timestamp2="299398">
    <text><![CDATA[			line]]></text>
  </DocumentChange>
  <Command __id="255" _type="InsertStringCommand" repeat="10" timestamp="297033" timestamp2="299412">
    <data><![CDATA[		lliinnee]]></data>
  </Command>
  <DocumentChange __id="269" _type="Insert" docASTNodeCount="479" docActiveCodeLength="2607" docExpressionCount="352" docLength="2778" length="3" offset="1020" repeat="3" timestamp="301702" timestamp2="301887">
    <text><![CDATA[ = ]]></text>
  </DocumentChange>
  <Command __id="270" _type="InsertStringCommand" repeat="6" timestamp="301715" timestamp2="301900">
    <data><![CDATA[  ==  ]]></data>
  </Command>
  <DocumentChange __id="278" _type="Insert" docASTNodeCount="483" docActiveCodeLength="2613" docExpressionCount="354" docLength="2784" length="6" offset="1023" repeat="6" timestamp="304232" timestamp2="306351">
    <text><![CDATA[line.r]]></text>
  </DocumentChange>
  <Command __id="279" _type="InsertStringCommand" repeat="10" timestamp="304245" timestamp2="304972">
    <data><![CDATA[lliinnee..]]></data>
  </Command>
  <Command __id="293" _type="AssistCommand" assist_type="CONTENT_ASSIST" auto_activated="true" start_end="START" timestamp="304987" />
  <Command __id="295" _type="AssistCommand" assist_type="CONTENT_ASSIST" auto_activated="false" start_end="END" timestamp="315345" />
  <DocumentChange __id="296" _type="Insert" docASTNodeCount="483" docActiveCodeLength="2613" docExpressionCount="354" docLength="2784" length="21" offset="1029" timestamp="315356">
    <text><![CDATA[eplaceAll(line, line)]]></text>
  </DocumentChange>
  <Command __id="297" _type="InsertStringCommand" timestamp="315414">
    <data><![CDATA[]]></data>
  </Command>
  <Command __id="298" _type="InsertStringCommand" timestamp="315415">
    <data><![CDATA[]]></data>
  </Command>
  <DocumentChange __id="299" _type="Replace" docASTNodeCount="453" docActiveCodeLength="2632" docExpressionCount="331" docLength="2803" endLine="30" insertionLength="2" int_docASTNodeCount="485" int_docActiveCodeLength="2630" int_docExpressionCount="357" int_docLength="2801" length="4" offset="1039" repeat="2" startLine="30" timestamp="317078" timestamp2="317400">
    <deletedText><![CDATA[line]]></deletedText>
    <insertedText><![CDATA[::]]></insertedText>
  </DocumentChange>
  <Command __id="300" _type="InsertStringCommand" repeat="4" timestamp="317098" timestamp2="317414">
    <data><![CDATA[::::]]></data>
  </Command>
  <DocumentChange __id="305" _type="Delete" docASTNodeCount="485" docActiveCodeLength="2630" docExpressionCount="357" docLength="2801" endLine="30" length="2" offset="1039" repeat="2" startLine="30" timestamp="318025" timestamp2="318180">
    <text><![CDATA[::]]></text>
  </DocumentChange>
  <Command __id="306" _type="EclipseCommand" commandID="eventLogger.styledTextCommand.DELETE_PREVIOUS" repeat="4" timestamp="318030" timestamp2="318186" />
  <DocumentChange __id="311" _type="Insert" docASTNodeCount="485" docActiveCodeLength="2632" docExpressionCount="356" docLength="2803" length="2" offset="1039" timestamp="318951">
    <text><![CDATA[""]]></text>
  </DocumentChange>
  <Command __id="312" _type="InsertStringCommand" repeat="4" timestamp="318958" timestamp2="319087">
    <data><![CDATA[""""]]></data>
  </Command>
  <Command __id="316" _type="EclipseCommand" commandID="eventLogger.styledTextCommand.COLUMN_PREVIOUS" repeat="2" timestamp="319562" timestamp2="319562" />
  <DocumentChange __id="318" _type="Insert" docASTNodeCount="485" docActiveCodeLength="2633" docExpressionCount="356" docLength="2804" length="1" offset="1040" timestamp="355385">
    <text><![CDATA[,]]></text>
  </DocumentChange>
  <Command __id="319" _type="InsertStringCommand" repeat="6" timestamp="355403" timestamp2="357482">
    <data><![CDATA[,,		22]]></data>
  </Command>
  <DocumentChange __id="323" _type="Replace" docASTNodeCount="485" docActiveCodeLength="2630" docExpressionCount="356" docLength="2801" endLine="30" insertionLength="1" int_docASTNodeCount="481" int_docActiveCodeLength="2629" int_docExpressionCount="355" int_docLength="2800" length="4" offset="1044" startLine="30" timestamp="357465">
    <deletedText><![CDATA[line]]></deletedText>
    <insertedText><![CDATA[2]]></insertedText>
  </DocumentChange>
  <DocumentChange __id="326" _type="Delete" docASTNodeCount="481" docActiveCodeLength="2629" docExpressionCount="355" docLength="2800" endLine="30" length="1" offset="1044" startLine="30" timestamp="359095">
    <text><![CDATA[2]]></text>
  </DocumentChange>
  <Command __id="327" _type="EclipseCommand" commandID="eventLogger.styledTextCommand.DELETE_PREVIOUS" repeat="2" timestamp="359100" timestamp2="359100" />
  <DocumentChange __id="329" _type="Insert" docASTNodeCount="481" docActiveCodeLength="2632" docExpressionCount="352" docLength="2803" length="3" offset="1044" repeat="2" timestamp="359615" timestamp2="361112">
    <text><![CDATA["";]]></text>
  </DocumentChange>
  <Command __id="330" _type="InsertStringCommand" repeat="6" timestamp="359623" timestamp2="361125">
    <data><![CDATA["""";;]]></data>
  </Command>
  <DocumentChange __id="337" _type="Delete" docASTNodeCount="485" docActiveCodeLength="2631" docExpressionCount="356" docLength="2802" endLine="30" length="1" offset="1046" startLine="30" timestamp="368375">
    <text><![CDATA[;]]></text>
  </DocumentChange>
  <Command __id="338" _type="EclipseCommand" commandID="eventLogger.styledTextCommand.DELETE_PREVIOUS" repeat="2" timestamp="368382" timestamp2="368382" />
  <Command __id="340" _type="EclipseCommand" commandID="eventLogger.styledTextCommand.COLUMN_NEXT" repeat="2" timestamp="368765" timestamp2="368765" />
  <DocumentChange __id="342" _type="Insert" docASTNodeCount="485" docActiveCodeLength="2632" docExpressionCount="356" docLength="2803" length="1" offset="1047" timestamp="369120">
    <text><![CDATA[;]]></text>
  </DocumentChange>
  <Command __id="343" _type="InsertStringCommand" repeat="2" timestamp="369135" timestamp2="369135">
    <data><![CDATA[;;]]></data>
  </Command>
  <Command __id="345" _type="EclipseCommand" commandID="eventLogger.styledTextCommand.SELECT_COLUMN_PREVIOUS" repeat="2" timestamp="370487" timestamp2="370487" />
  <Command __id="347" _type="EclipseCommand" commandID="eventLogger.styledTextCommand.SELECT_COLUMN_NEXT" repeat="2" timestamp="370927" timestamp2="370927" />
  <Command __id="349" _type="EclipseCommand" commandID="org.eclipse.ui.edit.text.select.lineStart" timestamp="371535" />
  <Command __id="350" _type="CopyCommand" timestamp="372384" />
  <Command __id="351" _type="EclipseCommand" commandID="eventLogger.styledTextCommand.COLUMN_NEXT" repeat="2" timestamp="372551" timestamp2="372551" />
  <DocumentChange __id="353" _type="Insert" docASTNodeCount="485" docActiveCodeLength="2636" docExpressionCount="356" docLength="2807" length="4" offset="1048" timestamp="373019">
    <text><![CDATA[
			]]></text>
  </DocumentChange>
  <Command __id="354" _type="InsertStringCommand" timestamp="373051">
    <data><![CDATA[]]></data>
  </Command>
  <Command __id="355" _type="InsertStringCommand" timestamp="373051">
    <data><![CDATA[]]></data>
  </Command>
  <DocumentChange __id="356" _type="Insert" docASTNodeCount="485" docActiveCodeLength="2636" docExpressionCount="356" docLength="2807" length="32" offset="1052" timestamp="373657">
    <text><![CDATA[line = line.replaceAll(",", "");]]></text>
  </DocumentChange>
  <Command __id="357" _type="PasteCommand" timestamp="373666" />
  <Command __id="358" _type="MoveCaretCommand" caretOffset="1077" docOffset="1077" timestamp="375689" />
  <DocumentChange __id="359" _type="Delete" docASTNodeCount="493" docActiveCodeLength="2667" docExpressionCount="363" docLength="2838" endLine="31" length="1" offset="1076" startLine="31" timestamp="376406">
    <text><![CDATA[,]]></text>
  </DocumentChange>
  <Command __id="360" _type="EclipseCommand" commandID="eventLogger.styledTextCommand.DELETE_PREVIOUS" repeat="2" timestamp="376411" timestamp2="376411" />
  <DocumentChange __id="362" _type="Insert" docASTNodeCount="493" docActiveCodeLength="2668" docExpressionCount="363" docLength="2839" length="1" offset="1076" timestamp="377439">
    <text><![CDATA[-]]></text>
  </DocumentChange>
  <Command __id="363" _type="InsertStringCommand" repeat="2" timestamp="377455" timestamp2="377457">
    <data><![CDATA[--]]></data>
  </Command>
  <Command __id="365" _type="EclipseCommand" commandID="org.eclipse.ui.file.save" timestamp="379012" />
  <Command __id="366" _type="MoveCaretCommand" caretOffset="1126" docOffset="1126" timestamp="379818" />
  <Command __id="367" _type="MoveCaretCommand" caretOffset="1084" docOffset="1084" timestamp="380739" />
  <Command __id="368" _type="MoveCaretCommand" caretOffset="1045" docOffset="1045" timestamp="386522" />
  <DocumentChange __id="369" _type="Insert" docASTNodeCount="493" docActiveCodeLength="2669" docExpressionCount="363" docLength="2840" length="1" offset="1045" timestamp="386682">
    <text><![CDATA[b]]></text>
  </DocumentChange>
  <Command __id="370" _type="InsertStringCommand" repeat="2" timestamp="386701" timestamp2="386701">
    <data><![CDATA[bb]]></data>
  </Command>
  <DocumentChange __id="372" _type="Delete" docASTNodeCount="493" docActiveCodeLength="2668" docExpressionCount="363" docLength="2839" endLine="30" length="1" offset="1045" startLine="30" timestamp="388033">
    <text><![CDATA[b]]></text>
  </DocumentChange>
  <Command __id="373" _type="EclipseCommand" commandID="eventLogger.styledTextCommand.DELETE_PREVIOUS" repeat="2" timestamp="388037" timestamp2="388038" />
  <DocumentChange __id="375" _type="Insert" docASTNodeCount="493" docActiveCodeLength="2669" docExpressionCount="363" docLength="2840" length="1" offset="1045" timestamp="388121">
    <text><![CDATA[ ]]></text>
  </DocumentChange>
  <Command __id="376" _type="InsertStringCommand" repeat="2" timestamp="388146" timestamp2="388146">
    <data><![CDATA[  ]]></data>
  </Command>
  <Command __id="378" _type="EclipseCommand" commandID="eventLogger.styledTextCommand.LINE_DOWN" repeat="2" timestamp="388545" timestamp2="388545" />
  <Command __id="380" _type="EclipseCommand" commandID="eventLogger.styledTextCommand.COLUMN_PREVIOUS" repeat="2" timestamp="388647" timestamp2="388648" />
  <DocumentChange __id="382" _type="Insert" docASTNodeCount="493" docActiveCodeLength="2670" docExpressionCount="363" docLength="2841" length="1" offset="1082" timestamp="388952">
    <text><![CDATA[ ]]></text>
  </DocumentChange>
  <Command __id="383" _type="InsertStringCommand" repeat="2" timestamp="388969" timestamp2="388969">
    <data><![CDATA[  ]]></data>
  </Command>
  <Command __id="385" _type="EclipseCommand" commandID="eventLogger.styledTextCommand.COLUMN_NEXT" repeat="6" timestamp="390095" timestamp2="390471" />
  <Command __id="391" _type="EclipseCommand" commandID="org.eclipse.ui.edit.text.select.lineStart" timestamp="394367" />
  <Command __id="392" _type="CopyCommand" timestamp="395224" />
  <Command __id="393" _type="EclipseCommand" commandID="eventLogger.styledTextCommand.COLUMN_NEXT" repeat="2" timestamp="395399" timestamp2="395400" />
  <DocumentChange __id="395" _type="Insert" docASTNodeCount="493" docActiveCodeLength="2674" docExpressionCount="363" docLength="2845" length="4" offset="1086" timestamp="396171">
    <text><![CDATA[
			]]></text>
  </DocumentChange>
  <Command __id="396" _type="InsertStringCommand" timestamp="396201">
    <data><![CDATA[]]></data>
  </Command>
  <Command __id="397" _type="InsertStringCommand" timestamp="396201">
    <data><![CDATA[]]></data>
  </Command>
  <DocumentChange __id="398" _type="Insert" docASTNodeCount="493" docActiveCodeLength="2674" docExpressionCount="363" docLength="2845" length="33" offset="1090" timestamp="396367">
    <text><![CDATA[line = line.replaceAll("-", " ");]]></text>
  </DocumentChange>
  <Command __id="399" _type="PasteCommand" timestamp="396376" />
  <Command __id="400" _type="EclipseCommand" commandID="eventLogger.styledTextCommand.COLUMN_PREVIOUS" repeat="16" timestamp="398999" timestamp2="400158" />
  <DocumentChange __id="416" _type="Delete" docASTNodeCount="501" docActiveCodeLength="2706" docExpressionCount="370" docLength="2877" endLine="32" length="1" offset="1114" startLine="32" timestamp="400951">
    <text><![CDATA[-]]></text>
  </DocumentChange>
  <Command __id="417" _type="EclipseCommand" commandID="eventLogger.styledTextCommand.DELETE_PREVIOUS" repeat="2" timestamp="400955" timestamp2="400956" />
  <DocumentChange __id="419" _type="Insert" docASTNodeCount="445" docActiveCodeLength="2708" docExpressionCount="326" docLength="2879" length="2" offset="1114" repeat="2" timestamp="403145" timestamp2="403222">
    <text><![CDATA[\.]]></text>
  </DocumentChange>
  <Command __id="420" _type="InsertStringCommand" repeat="4" timestamp="403159" timestamp2="403235">
    <data><![CDATA[\\..]]></data>
  </Command>
  <DocumentChange __id="425" _type="Delete" docASTNodeCount="501" docActiveCodeLength="2706" docExpressionCount="370" docLength="2877" endLine="32" length="2" offset="1114" repeat="2" startLine="32" timestamp="404808" timestamp2="404927">
    <text><![CDATA[\.]]></text>
  </DocumentChange>
  <Command __id="426" _type="EclipseCommand" commandID="eventLogger.styledTextCommand.DELETE_PREVIOUS" repeat="4" timestamp="404815" timestamp2="404933" />
  <DocumentChange __id="431" _type="Insert" docASTNodeCount="501" docActiveCodeLength="2707" docExpressionCount="370" docLength="2878" length="1" offset="1114" timestamp="405121">
    <text><![CDATA[.]]></text>
  </DocumentChange>
  <Command __id="432" _type="InsertStringCommand" repeat="2" timestamp="405134" timestamp2="405134">
    <data><![CDATA[..]]></data>
  </Command>
  <Command __id="434" _type="EclipseCommand" commandID="org.eclipse.ui.file.save" timestamp="407024" />
  <Command __id="435" _type="MoveCaretCommand" caretOffset="1123" docOffset="1123" timestamp="409697" />
  <DocumentChange __id="436" _type="Insert" docASTNodeCount="501" docActiveCodeLength="2711" docExpressionCount="370" docLength="2882" length="4" offset="1123" timestamp="426813">
    <text><![CDATA[
			]]></text>
  </DocumentChange>
  <Command __id="437" _type="InsertStringCommand" timestamp="426860">
    <data><![CDATA[]]></data>
  </Command>
  <Command __id="438" _type="InsertStringCommand" timestamp="426860">
    <data><![CDATA[]]></data>
  </Command>
  <DocumentChange __id="439" _type="Insert" docASTNodeCount="501" docActiveCodeLength="2715" docExpressionCount="370" docLength="2886" length="4" offset="1127" timestamp="427306">
    <text><![CDATA[
			]]></text>
  </DocumentChange>
  <Command __id="440" _type="InsertStringCommand" timestamp="427335">
    <data><![CDATA[]]></data>
  </Command>
  <Command __id="441" _type="InsertStringCommand" timestamp="427336">
    <data><![CDATA[]]></data>
  </Command>
  <Command __id="442" _type="EclipseCommand" commandID="eventLogger.styledTextCommand.LINE_UP" repeat="2" timestamp="428240" timestamp2="428240" />
  <DocumentChange __id="444" _type="Insert" docASTNodeCount="505" docActiveCodeLength="2727" docExpressionCount="375" docLength="2898" length="12" offset="1127" repeat="12" timestamp="439730" timestamp2="442793">
    <text><![CDATA[line = line.]]></text>
  </DocumentChange>
  <Command __id="445" _type="InsertStringCommand" repeat="24" timestamp="439742" timestamp2="442806">
    <data><![CDATA[lliinnee  ==  lliinnee..]]></data>
  </Command>
  <Command __id="480" _type="AssistCommand" assist_type="CONTENT_ASSIST" auto_activated="true" start_end="START" timestamp="442825" />
  <Command __id="481" _type="AssistCommand" assist_type="CONTENT_ASSIST" auto_activated="false" start_end="END" timestamp="447522" />
  <DocumentChange __id="482" _type="Insert" docASTNodeCount="507" docActiveCodeLength="2741" docExpressionCount="375" docLength="2912" length="14" offset="1139" repeat="2" timestamp="447524" timestamp2="448568">
    <text><![CDATA[toLowerCase();]]></text>
  </DocumentChange>
  <Command __id="483" _type="InsertStringCommand" timestamp="447530">
    <data><![CDATA[]]></data>
  </Command>
  <Command __id="484" _type="InsertStringCommand" timestamp="447531">
    <data><![CDATA[]]></data>
  </Command>
  <Command __id="486" _type="InsertStringCommand" repeat="2" timestamp="448582" timestamp2="448582">
    <data><![CDATA[;;]]></data>
  </Command>
  <Command __id="488" _type="MoveCaretCommand" caretOffset="1161" docOffset="1161" timestamp="451491" />
  <Command __id="489" _type="MoveCaretCommand" caretOffset="1215" docOffset="1215" timestamp="453999" />
  <DocumentChange __id="490" _type="Insert" docASTNodeCount="507" docActiveCodeLength="2745" docExpressionCount="375" docLength="2916" length="4" offset="1215" timestamp="455160">
    <text><![CDATA[
			]]></text>
  </DocumentChange>
  <Command __id="491" _type="InsertStringCommand" timestamp="455196">
    <data><![CDATA[]]></data>
  </Command>
  <Command __id="492" _type="InsertStringCommand" timestamp="455196">
    <data><![CDATA[]]></data>
  </Command>
  <DocumentChange __id="493" _type="Insert" docASTNodeCount="509" docActiveCodeLength="2752" docExpressionCount="376" docLength="2923" length="7" offset="1219" repeat="6" timestamp="456354" timestamp2="458314">
    <text><![CDATA[while()]]></text>
  </DocumentChange>
  <Command __id="494" _type="InsertStringCommand" repeat="12" timestamp="456375" timestamp2="458319">
    <data><![CDATA[wwhhiillee((]]></data>
  </Command>
  <DocumentChange __id="511" _type="Insert" docASTNodeCount="511" docActiveCodeLength="2763" docExpressionCount="378" docLength="2934" length="25" offset="1225" repeat="12" timestamp="504071" timestamp2="507546">
    <text><![CDATA[tokenizer.hasMoreTokens()]]></text>
  </DocumentChange>
  <Command __id="512" _type="InsertStringCommand" repeat="20" timestamp="504088" timestamp2="506163">
    <data><![CDATA[ttookkeenniizzeerr..]]></data>
  </Command>
  <Command __id="541" _type="AssistCommand" assist_type="CONTENT_ASSIST" auto_activated="true" start_end="START" timestamp="506176" />
  <Command __id="543" _type="AssistCommand" assist_type="CONTENT_ASSIST" auto_activated="false" start_end="END" timestamp="507545" />
  <Command __id="545" _type="InsertStringCommand" timestamp="507553">
    <data><![CDATA[]]></data>
  </Command>
  <Command __id="546" _type="InsertStringCommand" timestamp="507553">
    <data><![CDATA[]]></data>
  </Command>
  <Command __id="547" _type="EclipseCommand" commandID="eventLogger.styledTextCommand.COLUMN_NEXT" repeat="2" timestamp="508422" timestamp2="508422" />
  <DocumentChange __id="549" _type="Insert" docASTNodeCount="512" docActiveCodeLength="2778" docExpressionCount="378" docLength="2949" length="1" offset="1251" timestamp="509244">
    <text><![CDATA[{]]></text>
  </DocumentChange>
  <Command __id="550" _type="InsertStringCommand" repeat="2" timestamp="509262" timestamp2="509263">
    <data><![CDATA[{{]]></data>
  </Command>
  <DocumentChange __id="552" _type="Insert" docASTNodeCount="512" docActiveCodeLength="2788" docExpressionCount="378" docLength="2959" length="10" offset="1252" timestamp="509410">
    <text><![CDATA[
				
			}]]></text>
  </DocumentChange>
  <Command __id="553" _type="InsertStringCommand" timestamp="509435">
    <data><![CDATA[]]></data>
  </Command>
  <Command __id="554" _type="InsertStringCommand" timestamp="509436">
    <data><![CDATA[]]></data>
  </Command>
  <Command __id="555" _type="SelectTextCommand" caretOffset="1340" docEnd="1340" docOffset="1340" docStart="1266" end="1340" start="1266" timestamp="512578" />
  <DocumentChange __id="556" _type="Delete" docASTNodeCount="497" docActiveCodeLength="2714" docExpressionCount="365" docLength="2885" endLine="39" length="74" offset="1266" startLine="39" timestamp="513479">
    <text><![CDATA[context.write(WordCount.word, new IntWritable(tokenizer.countTokens()-1));]]></text>
  </DocumentChange>
  <Command __id="557" _type="CutCommand" timestamp="513488" />
  <Command __id="558" _type="MoveCaretCommand" caretOffset="1257" docOffset="1257" timestamp="514118" />
  <DocumentChange __id="559" _type="Insert" docASTNodeCount="497" docActiveCodeLength="2714" docExpressionCount="365" docLength="2885" length="74" offset="1257" timestamp="514677">
    <text><![CDATA[context.write(WordCount.word, new IntWritable(tokenizer.countTokens()-1));]]></text>
  </DocumentChange>
  <Command __id="560" _type="PasteCommand" timestamp="514685" />
  <Command __id="561" _type="MoveCaretCommand" caretOffset="1344" docOffset="1344" timestamp="516069" />
  <DocumentChange __id="562" _type="Delete" docASTNodeCount="512" docActiveCodeLength="2780" docExpressionCount="378" docLength="2951" endLine="40" length="8" offset="1336" repeat="8" startLine="38" timestamp="516835" timestamp2="518266">
    <text><![CDATA[
			
			]]></text>
  </DocumentChange>
  <Command __id="563" _type="EclipseCommand" commandID="eventLogger.styledTextCommand.DELETE_PREVIOUS" repeat="16" timestamp="516840" timestamp2="518281" />
  <Command __id="586" _type="MoveCaretCommand" caretOffset="1282" docOffset="1282" timestamp="519607" />
  <Command __id="587" _type="MoveCaretCommand" caretOffset="1274" docOffset="1274" timestamp="520124" />
  <Command __id="588" _type="SelectTextCommand" caretOffset="1285" docEnd="1285" docOffset="1285" docStart="1271" end="1285" start="1271" timestamp="522703" />
  <DocumentChange __id="589" _type="Replace" docASTNodeCount="510" docActiveCodeLength="2772" docExpressionCount="376" docLength="2943" endLine="37" insertionLength="6" int_docASTNodeCount="509" int_docActiveCodeLength="2766" int_docExpressionCount="375" int_docLength="2937" length="14" offset="1271" repeat="6" startLine="37" timestamp="527532" timestamp2="528115">
    <deletedText><![CDATA[WordCount.word]]></deletedText>
    <insertedText><![CDATA[tokeni]]></insertedText>
  </DocumentChange>
  <Command __id="590" _type="InsertStringCommand" repeat="12" timestamp="527549" timestamp2="528128">
    <data><![CDATA[ttookkeennii]]></data>
  </Command>
  <DocumentChange __id="607" _type="Insert" docASTNodeCount="510" docActiveCodeLength="2776" docExpressionCount="376" docLength="2947" length="4" offset="1277" repeat="4" timestamp="530299" timestamp2="531108">
    <text><![CDATA[zer.]]></text>
  </DocumentChange>
  <Command __id="608" _type="InsertStringCommand" repeat="8" timestamp="530313" timestamp2="531122">
    <data><![CDATA[zzeerr..]]></data>
  </Command>
  <Command __id="619" _type="AssistCommand" assist_type="CONTENT_ASSIST" auto_activated="true" start_end="START" timestamp="531143" />
  <Command __id="620" _type="AssistCommand" assist_type="CONTENT_ASSIST" auto_activated="false" start_end="END" timestamp="533933" />
  <DocumentChange __id="621" _type="Insert" docASTNodeCount="512" docActiveCodeLength="2787" docExpressionCount="378" docLength="2958" length="11" offset="1281" timestamp="533935">
    <text><![CDATA[nextToken()]]></text>
  </DocumentChange>
  <Command __id="622" _type="InsertStringCommand" timestamp="533943">
    <data><![CDATA[]]></data>
  </Command>
  <Command __id="623" _type="InsertStringCommand" timestamp="533943">
    <data><![CDATA[]]></data>
  </Command>
  <Command __id="624" _type="EclipseCommand" commandID="eventLogger.styledTextCommand.COLUMN_NEXT" repeat="4" timestamp="537114" timestamp2="537265" />
  <Command __id="628" _type="EclipseCommand" commandID="eventLogger.styledTextCommand.COLUMN_NEXT" repeat="32" timestamp="544914" timestamp2="546873" />
  <Command __id="660" _type="EclipseCommand" commandID="org.eclipse.ui.edit.text.select.lineEnd" timestamp="547367" />
  <Command __id="661" _type="EclipseCommand" commandID="eventLogger.styledTextCommand.COLUMN_PREVIOUS" repeat="2" timestamp="548925" timestamp2="548925" />
  <Command __id="663" _type="EclipseCommand" commandID="org.eclipse.ui.edit.text.select.wordNext" repeat="6" timestamp="549366" timestamp2="550763" />
  <DocumentChange __id="669" _type="Delete" docASTNodeCount="507" docActiveCodeLength="2762" docExpressionCount="373" docLength="2933" endLine="37" length="25" offset="1310" startLine="37" timestamp="551646">
    <text><![CDATA[tokenizer.countTokens()-1]]></text>
  </DocumentChange>
  <Command __id="670" _type="EclipseCommand" commandID="eventLogger.styledTextCommand.DELETE_PREVIOUS" repeat="2" timestamp="551652" timestamp2="551652" />
  <DocumentChange __id="672" _type="Insert" docASTNodeCount="508" docActiveCodeLength="2763" docExpressionCount="374" docLength="2934" length="1" offset="1310" timestamp="552587">
    <text><![CDATA[1]]></text>
  </DocumentChange>
  <Command __id="673" _type="InsertStringCommand" repeat="2" timestamp="552607" timestamp2="552607">
    <data><![CDATA[11]]></data>
  </Command>
  <Command __id="675" _type="EclipseCommand" commandID="eventLogger.styledTextCommand.COLUMN_NEXT" repeat="6" timestamp="553188" timestamp2="553538" />
  <Command __id="681" _type="EclipseCommand" commandID="org.eclipse.ui.file.save" timestamp="554796" />
  <Command __id="682" _type="MoveCaretCommand" caretOffset="1323" docOffset="1323" timestamp="603184" />
  <Command __id="683" _type="MoveCaretCommand" caretOffset="1319" docOffset="1319" timestamp="603611" />
  <Command __id="684" _type="MoveCaretCommand" caretOffset="1271" docOffset="1271" timestamp="616121" />
  <DocumentChange __id="685" _type="Insert" docASTNodeCount="511" docActiveCodeLength="2772" docExpressionCount="376" docLength="2943" length="9" offset="1271" repeat="9" timestamp="619096" timestamp2="621549">
    <text><![CDATA[new Text(]]></text>
  </DocumentChange>
  <Command __id="686" _type="InsertStringCommand" repeat="18" timestamp="619115" timestamp2="621564">
    <data><![CDATA[nneeww  TTeexxtt((]]></data>
  </Command>
  <Command __id="712" _type="MoveCaretCommand" caretOffset="1301" docOffset="1301" timestamp="623714" />
  <DocumentChange __id="713" _type="Insert" docASTNodeCount="511" docActiveCodeLength="2774" docExpressionCount="376" docLength="2945" length="2" offset="1301" repeat="2" timestamp="624549" timestamp2="625051">
    <text><![CDATA[)9]]></text>
  </DocumentChange>
  <Command __id="714" _type="InsertStringCommand" repeat="4" timestamp="624570" timestamp2="625071">
    <data><![CDATA[))99]]></data>
  </Command>
  <DocumentChange __id="719" _type="Delete" docASTNodeCount="511" docActiveCodeLength="2773" docExpressionCount="376" docLength="2944" endLine="37" length="1" offset="1302" startLine="37" timestamp="626823">
    <text><![CDATA[9]]></text>
  </DocumentChange>
  <Command __id="720" _type="EclipseCommand" commandID="eventLogger.styledTextCommand.DELETE_PREVIOUS" repeat="2" timestamp="626828" timestamp2="626829" />
  <Command __id="722" _type="EclipseCommand" commandID="org.eclipse.ui.file.save" timestamp="628164" />
  <Command __id="723" _type="MoveCaretCommand" caretOffset="1338" docOffset="1338" timestamp="645360" />
  <Command __id="724" _type="MoveCaretCommand" caretOffset="1336" docOffset="1336" timestamp="645764" />
  <Command __id="725" _type="MoveCaretCommand" caretOffset="1329" docOffset="1329" timestamp="646147" />
  <Command __id="726" _type="MoveCaretCommand" caretOffset="1336" docOffset="1336" timestamp="646889" />
  <Command __id="727" _type="MoveCaretCommand" caretOffset="1329" docOffset="1329" timestamp="662021" />
  <Command __id="728" _type="MoveCaretCommand" caretOffset="1498" docOffset="1498" timestamp="669761" />
  <Command __id="729" _type="MoveCaretCommand" caretOffset="1338" docOffset="1338" timestamp="670053" />
  <Command __id="730" _type="MoveCaretCommand" caretOffset="1329" docOffset="1329" timestamp="670368" />
  <Command __id="731" _type="MoveCaretCommand" caretOffset="1252" docOffset="1252" timestamp="671143" />
  <Command __id="732" _type="MoveCaretCommand" caretOffset="1329" docOffset="1329" timestamp="671628" />
  <Command __id="733" _type="MoveCaretCommand" caretOffset="1252" docOffset="1252" timestamp="671972" />
  <Command __id="734" _type="MoveCaretCommand" caretOffset="1333" docOffset="1333" timestamp="672336" />
  <Command __id="735" _type="MoveCaretCommand" caretOffset="1305" docOffset="1305" timestamp="672719" />
  <Command __id="736" _type="MoveCaretCommand" caretOffset="1333" docOffset="1333" timestamp="673034" />
  <Command __id="737" _type="MoveCaretCommand" caretOffset="1252" docOffset="1252" timestamp="673395" />
  <Command __id="738" _type="MoveCaretCommand" caretOffset="1329" docOffset="1329" timestamp="676960" />
  <Command __id="739" _type="MoveCaretCommand" caretOffset="1498" docOffset="1498" timestamp="683654" />
  <Command __id="740" _type="MoveCaretCommand" caretOffset="1699" docOffset="1699" timestamp="696074" />
  <Command __id="741" _type="MoveCaretCommand" caretOffset="1419" docOffset="1419" timestamp="701148" />
  <Command __id="742" _type="SelectTextCommand" caretOffset="1423" docEnd="1423" docOffset="1423" docStart="1412" end="1423" start="1412" timestamp="701316" />
  <DocumentChange __id="743" _type="Replace" docASTNodeCount="511" docActiveCodeLength="2774" docExpressionCount="376" docLength="2945" endLine="42" insertionLength="12" int_docASTNodeCount="500" int_docActiveCodeLength="2762" int_docExpressionCount="371" int_docLength="2933" length="11" offset="1412" repeat="12" startLine="42" timestamp="704858" timestamp2="707601">
    <deletedText><![CDATA[IntWritable]]></deletedText>
    <insertedText><![CDATA[TextWritable]]></insertedText>
  </DocumentChange>
  <Command __id="744" _type="InsertStringCommand" repeat="24" timestamp="704882" timestamp2="707617">
    <data><![CDATA[TTeexxttWWrriittaabbllee]]></data>
  </Command>
  <Command __id="779" _type="SelectTextCommand" caretOffset="1420" docEnd="1420" docOffset="1420" docStart="1415" end="1420" start="1415" timestamp="711801" />
  <Command __id="780" _type="MoveCaretCommand" caretOffset="1417" docOffset="1417" timestamp="712208" />
  <Command __id="781" _type="SelectTextCommand" caretOffset="1424" docEnd="1424" docOffset="1424" docStart="1416" end="1424" start="1416" timestamp="715311" />
  <DocumentChange __id="782" _type="Delete" docASTNodeCount="511" docActiveCodeLength="2766" docExpressionCount="376" docLength="2937" endLine="42" length="8" offset="1416" startLine="42" timestamp="715846">
    <text><![CDATA[Writable]]></text>
  </DocumentChange>
  <Command __id="783" _type="EclipseCommand" commandID="eventLogger.styledTextCommand.DELETE_PREVIOUS" repeat="2" timestamp="715851" timestamp2="715851" />
  <Command __id="785" _type="SelectTextCommand" caretOffset="1418" docEnd="1422" docOffset="1418" docStart="1418" end="1422" start="1418" timestamp="718214" />
  <DocumentChange __id="786" _type="Replace" docASTNodeCount="511" docActiveCodeLength="2765" docExpressionCount="376" docLength="2936" endLine="42" insertionLength="3" int_docASTNodeCount="511" int_docActiveCodeLength="2762" int_docExpressionCount="376" int_docLength="2933" length="4" offset="1418" repeat="3" startLine="42" timestamp="720777" timestamp2="720999">
    <deletedText><![CDATA[Null]]></deletedText>
    <insertedText><![CDATA[int]]></insertedText>
  </DocumentChange>
  <Command __id="787" _type="InsertStringCommand" repeat="6" timestamp="720795" timestamp2="721012">
    <data><![CDATA[iinntt]]></data>
  </Command>
  <Command __id="795" _type="EclipseCommand" commandID="eventLogger.styledTextCommand.COLUMN_PREVIOUS" repeat="4" timestamp="723182" timestamp2="723326" />
  <Command __id="799" _type="EclipseCommand" commandID="eventLogger.styledTextCommand.SELECT_COLUMN_PREVIOUS" repeat="2" timestamp="723753" timestamp2="723753" />
  <DocumentChange __id="801" _type="Replace" docASTNodeCount="511" docActiveCodeLength="2765" docExpressionCount="376" docLength="2936" endLine="42" insertionLength="1" int_docASTNodeCount="511" int_docActiveCodeLength="2764" int_docExpressionCount="376" int_docLength="2935" length="1" offset="1418" startLine="42" timestamp="724200">
    <deletedText><![CDATA[i]]></deletedText>
    <insertedText><![CDATA[I]]></insertedText>
  </DocumentChange>
  <Command __id="802" _type="InsertStringCommand" repeat="2" timestamp="724216" timestamp2="724216">
    <data><![CDATA[II]]></data>
  </Command>
  <Command __id="804" _type="MoveCaretCommand" caretOffset="1733" docOffset="1733" timestamp="725649" />
  <Command __id="805" _type="MoveCaretCommand" caretOffset="1787" docOffset="1787" timestamp="729240" />
  <Command __id="806" _type="SelectTextCommand" caretOffset="1659" docEnd="1738" docOffset="1659" docStart="1659" end="1738" start="1659" timestamp="750705" />
  <Command __id="807" _type="MoveCaretCommand" caretOffset="1920" docOffset="1920" timestamp="790696" />
  <Command __id="808" _type="MoveCaretCommand" caretOffset="1741" docOffset="1741" timestamp="791196" />
  <Command __id="809" _type="MoveCaretCommand" caretOffset="1733" docOffset="1733" timestamp="791787" />
  <Command __id="810" _type="MoveCaretCommand" caretOffset="1791" docOffset="1791" timestamp="803697" />
  <Command __id="811" _type="SelectTextCommand" caretOffset="1738" docEnd="1738" docOffset="1738" docStart="1659" end="1738" start="1659" timestamp="807066" />
  <DocumentChange __id="812" _type="Insert" docASTNodeCount="498" docActiveCodeLength="2730" docExpressionCount="366" docLength="2938" length="2" offset="1656" timestamp="809008">
    <text><![CDATA[//]]></text>
  </DocumentChange>
  <DocumentChange __id="813" _type="Insert" docASTNodeCount="487" docActiveCodeLength="2689" docExpressionCount="356" docLength="2940" length="2" offset="1694" timestamp="809020">
    <text><![CDATA[//]]></text>
  </DocumentChange>
  <DocumentChange __id="814" _type="Insert" docASTNodeCount="493" docActiveCodeLength="2682" docExpressionCount="363" docLength="2942" length="2" offset="1738" timestamp="809022">
    <text><![CDATA[//]]></text>
  </DocumentChange>
  <Command __id="815" _type="EclipseCommand" commandID="org.eclipse.jdt.ui.edit.text.java.toggle.comment" timestamp="809083" />
  <Command __id="816" _type="MoveCaretCommand" caretOffset="1773" docOffset="1773" timestamp="810553" />
  <Command __id="817" _type="SelectTextCommand" caretOffset="1791" docEnd="1791" docOffset="1791" docStart="1773" end="1791" start="1773" timestamp="817404" />
  <DocumentChange __id="818" _type="Delete" docASTNodeCount="491" docActiveCodeLength="2664" docExpressionCount="361" docLength="2924" endLine="51" length="18" offset="1773" startLine="51" timestamp="818285">
    <text><![CDATA[NullWritable.get()]]></text>
  </DocumentChange>
  <Command __id="819" _type="EclipseCommand" commandID="eventLogger.styledTextCommand.DELETE_PREVIOUS" repeat="2" timestamp="818291" timestamp2="818292" />
  <Command __id="821" _type="EclipseCommand" commandID="eventLogger.styledTextCommand.COLUMN_PREVIOUS" repeat="4" timestamp="821387" timestamp2="821520" />
  <Command __id="825" _type="EclipseCommand" commandID="eventLogger.styledTextCommand.SELECT_COLUMN_PREVIOUS" repeat="12" timestamp="823579" timestamp2="824379" />
  <DocumentChange __id="837" _type="Replace" docASTNodeCount="491" docActiveCodeLength="2661" docExpressionCount="361" docLength="2921" endLine="51" insertionLength="3" int_docASTNodeCount="489" int_docActiveCodeLength="2658" int_docExpressionCount="359" int_docLength="2918" length="6" offset="1765" repeat="3" startLine="51" timestamp="825396" timestamp2="825627">
    <deletedText><![CDATA[result]]></deletedText>
    <insertedText><![CDATA[key]]></insertedText>
  </DocumentChange>
  <Command __id="838" _type="InsertStringCommand" repeat="6" timestamp="825409" timestamp2="825640">
    <data><![CDATA[kkeeyy]]></data>
  </Command>
  <Command __id="846" _type="EclipseCommand" commandID="eventLogger.styledTextCommand.COLUMN_NEXT" repeat="4" timestamp="826499" timestamp2="826673" />
  <DocumentChange __id="850" _type="Insert" docASTNodeCount="491" docActiveCodeLength="2667" docExpressionCount="361" docLength="2927" length="6" offset="1770" repeat="6" timestamp="834523" timestamp2="835292">
    <text><![CDATA[values]]></text>
  </DocumentChange>
  <Command __id="851" _type="InsertStringCommand" repeat="12" timestamp="834536" timestamp2="835309">
    <data><![CDATA[vvaalluueess]]></data>
  </Command>
  <DocumentChange __id="868" _type="Insert" docASTNodeCount="493" docActiveCodeLength="2668" docExpressionCount="362" docLength="2928" length="1" offset="1776" timestamp="863397">
    <text><![CDATA[.]]></text>
  </DocumentChange>
  <Command __id="869" _type="InsertStringCommand" repeat="2" timestamp="863410" timestamp2="863410">
    <data><![CDATA[..]]></data>
  </Command>
  <Command __id="871" _type="AssistCommand" assist_type="CONTENT_ASSIST" auto_activated="true" start_end="START" timestamp="863435" />
  <DocumentChange __id="872" _type="Delete" docASTNodeCount="491" docActiveCodeLength="2662" docExpressionCount="361" docLength="2922" endLine="51" length="6" offset="1771" repeat="6" startLine="51" timestamp="871915" timestamp2="872851">
    <text><![CDATA[alues.]]></text>
  </DocumentChange>
  <Command __id="878" _type="AssistCommand" assist_type="CONTENT_ASSIST" auto_activated="false" start_end="END" timestamp="874790" />
  <Command __id="879" _type="SelectTextCommand" caretOffset="1656" docEnd="1744" docOffset="1656" docStart="1656" end="1744" start="1656" timestamp="877872" />
  <DocumentChange __id="880" _type="Delete" docASTNodeCount="498" docActiveCodeLength="2697" docExpressionCount="364" docLength="2920" endLine="48" length="2" offset="1656" startLine="48" timestamp="878527">
    <text><![CDATA[//]]></text>
  </DocumentChange>
  <DocumentChange __id="881" _type="Delete" docASTNodeCount="509" docActiveCodeLength="2738" docExpressionCount="374" docLength="2918" endLine="49" length="2" offset="1692" startLine="49" timestamp="878529">
    <text><![CDATA[//]]></text>
  </DocumentChange>
  <DocumentChange __id="882" _type="Delete" docASTNodeCount="509" docActiveCodeLength="2745" docExpressionCount="374" docLength="2916" endLine="50" length="2" offset="1734" startLine="50" timestamp="878530">
    <text><![CDATA[//]]></text>
  </DocumentChange>
  <Command __id="883" _type="EclipseCommand" commandID="org.eclipse.jdt.ui.edit.text.java.toggle.comment" timestamp="878577" />
  <Command __id="884" _type="MoveCaretCommand" caretOffset="1741" docOffset="1741" timestamp="879874" />
  <Command __id="885" _type="MoveCaretCommand" caretOffset="1765" docOffset="1765" timestamp="887728" />
  <DocumentChange __id="886" _type="Delete" docASTNodeCount="509" docActiveCodeLength="2744" docExpressionCount="374" docLength="2915" endLine="51" length="1" offset="1764" startLine="51" timestamp="888580">
    <text><![CDATA[v]]></text>
  </DocumentChange>
  <Command __id="887" _type="EclipseCommand" commandID="eventLogger.styledTextCommand.DELETE_PREVIOUS" repeat="2" timestamp="888584" timestamp2="888584" />
  <DocumentChange __id="889" _type="Insert" docASTNodeCount="509" docActiveCodeLength="2750" docExpressionCount="374" docLength="2921" length="6" offset="1764" repeat="6" timestamp="888796" timestamp2="889596">
    <text><![CDATA[result]]></text>
  </DocumentChange>
  <Command __id="890" _type="InsertStringCommand" repeat="12" timestamp="888808" timestamp2="889609">
    <data><![CDATA[rreessuulltt]]></data>
  </Command>
  <Command __id="907" _type="MoveCaretCommand" caretOffset="1725" docOffset="1725" timestamp="891492" />
  <Command __id="908" _type="EclipseCommand" commandID="org.eclipse.ui.file.save" timestamp="892338" />
  <Command __id="909" _type="MoveCaretCommand" caretOffset="2625" docOffset="2625" timestamp="909634" />
  <Command __id="910" _type="MoveCaretCommand" caretOffset="2365" docOffset="2365" timestamp="910159" />
  <Command __id="911" _type="InsertStringCommand" repeat="2" timestamp="911851" timestamp2="911851">
    <data><![CDATA[ss]]></data>
  </Command>
  <Command __id="913" _type="MoveCaretCommand" caretOffset="2132" docOffset="2132" timestamp="915931" />
  <Command __id="914" _type="MoveCaretCommand" caretOffset="1563" docOffset="1563" timestamp="918923" />
  <Command __id="915" _type="RunCommand" kind="Create" projectName="assignment2" timestamp="961478" type="Run" />
  <Command __id="916" _type="RunCommand" exitValue="0" kind="Terminate" projectName="assignment2" timestamp="965358" type="Run" />
  <Command __id="917" _type="MoveCaretCommand" caretOffset="1779" docOffset="1779" timestamp="1028106" />
  <Command __id="918" _type="SelectTextCommand" caretOffset="1249" docEnd="1283" docOffset="1249" docStart="1249" end="1283" start="1249" timestamp="9607638" />
