<Events startTimestamp="1447081803838" logVersion="0.11.0.201504031625" osName="Mac OS X" osVersion="10.11.1" lineSeparator="\n" numMonitors="1" monitorBounds="[0, 0, 1280, 800]">
  <Command __id="0" _type="ShellBoundsCommand" bounds="[0, 23, 1280, 773]" timestamp="21" />
  <Command __id="1" _type="FileOpenCommand" docASTNodeCount="870" docActiveCodeLength="4712" docExpressionCount="608" docLength="5060" projectName="assignment2" timestamp="64">
    <filePath><![CDATA[/Users/rafael/Workspace/UZH/distributedsystems/assignment2/assignment2/src/assignment2/WordFreq.java]]></filePath>
    <snapshot><![CDATA[package assignment2;

import java.io.IOException;
import java.util.StringTokenizer;

import org.apache.hadoop.conf.Configuration;
import org.apache.hadoop.fs.FileSystem;
import org.apache.hadoop.fs.Path;
import org.apache.hadoop.io.IntWritable;
import org.apache.hadoop.io.LongWritable;
import org.apache.hadoop.io.Text;
import org.apache.hadoop.mapreduce.Job;
import org.apache.hadoop.mapreduce.Mapper;
import org.apache.hadoop.mapreduce.Reducer;
import org.apache.hadoop.mapreduce.lib.input.FileInputFormat;
import org.apache.hadoop.mapreduce.lib.output.FileOutputFormat;

public class WordFreq {	
	
	
	/*
	 * WordFreq Job
	 */
	public static class WordFreqMapper extends Mapper<LongWritable, Text, Text, IntWritable> {
		
		@Override
		public void map(LongWritable key, Text value, Context context) throws IOException, InterruptedException {
			String line = value.toString();
			line = line.replaceAll(",", " ");
			line = line.replaceAll("-", " ");
			line = line.replaceAll("\\.", " ");
			line = line.toLowerCase();
			
			StringTokenizer tokenizer = new StringTokenizer(line);
			//tokenizer.nextToken();
			while(tokenizer.hasMoreTokens()){
				context.write(new Text(tokenizer.nextToken()), new IntWritable(1));
			}
		}
	}
	
	public static class WordFreqReducer extends Reducer<Text, IntWritable, Text, IntWritable> {
				
		@Override
		public void reduce(Text key, Iterable<IntWritable> values, Context context) throws IOException, InterruptedException {
			IntWritable result = new IntWritable(0);
			for (IntWritable val : values) {
				result.set(result.get() + val.get());
			}
			context.write(key, result);		
		}
	}

	/*
	 * Sorting Job
	 */
	public static class WordFreqSortMapper extends Mapper<LongWritable, Text, IntWritable , Text>{
		
		@Override
		protected void map(LongWritable key, Text value, Context context) throws IOException, InterruptedException{
			
			String[] line = value.toString().split("\t");
			Text word = new Text(line[0]);

			IntWritable hits = new IntWritable(Integer.parseInt(line[1])){
				@Override
				public int compareTo(IntWritable o){
					return (new Integer(this.get()).compareTo(new Integer(o.get())));
				}
			};
			try {
				context.write((IntWritable)hits, word);
			} catch (IOException e) {
				// FIXME IOException here
				e.printStackTrace();
				throw e;
			}
		}
	}
	
	public static class WordFreqSortReducer extends Reducer<IntWritable, Text , Text , IntWritable>{
			
		@Override
		protected void reduce(IntWritable key, Iterable<Text> values, Context context) throws IOException, InterruptedException{
			int sum = 0;
			System.out.println("Hi");
			for(Text i : values){
				sum++;
				context.write(i,key);
			}
			System.out.println(sum);
		}
	}

	
	public static void main(String[] args) throws Exception{
		final String NAME_NODE = "hdfs://sandbox.hortonworks.com:8020";
		
		//final Path input_path		= args[0]+"data/plot_summaries.txt";
		final String input_path		= args[0]+"data/test.txt";
		final String temp_path 		= args[0]+"temp/";
		final String output_path	= args[0]+args[1];
		
		Configuration conf = new Configuration();
		FileSystem fs = FileSystem.get(conf);
		/*
		 * WordFreq Job
		 */
		
		if (fs.exists(new Path (temp_path))){
			fs.delete(new Path (temp_path), true);
		}
		
		Job job = Job.getInstance(conf, "WordFreq");
		job.setJarByClass(WordFreq.class);
		
		job.setMapperClass(WordFreqMapper.class);
		//job.setCombinerClass(WordFreqReducer.class);
		job.setReducerClass(WordFreqReducer.class);	

		job.setMapOutputKeyClass(Text.class);
		job.setMapOutputValueClass(IntWritable.class);
		
		job.setOutputKeyClass(Text.class);
		job.setOutputValueClass(IntWritable.class);	
		
		job.setNumReduceTasks(args.length > 2 ? Integer.parseInt(args[2]) : 1);	
		
		FileInputFormat.addInputPath(job, new Path(input_path));
		FileOutputFormat.setOutputPath(job, new Path(temp_path));

		System.out.print(job.getJobName()+"\t");
		System.out.println((job.waitForCompletion(true) 		? "SUCCESS" : "FAIL"));
		/*
		 * Sorting job
		 */
		
		Configuration sortConf = new Configuration();
		Job sortJob = Job.getInstance(sortConf, "SortWordFreq");
		sortJob.setJarByClass(WordFreq.class);
		
		sortJob.setMapperClass(WordFreqSortMapper.class);
		//sortJob.setCombinerClass(WordFreqSortReducer.class);
		sortJob.setReducerClass(WordFreqSortReducer.class);	
		
		sortJob.setMapOutputKeyClass(IntWritable.class);
		sortJob.setMapOutputValueClass(Text.class);
		
		sortJob.setOutputKeyClass(Text.class);
		sortJob.setOutputValueClass(IntWritable.class);	
		
		sortJob.setNumReduceTasks(args.length > 2 ? Integer.parseInt(args[2]) : 1);
		
		FileInputFormat.addInputPath(sortJob, new Path(temp_path));
		FileOutputFormat.setOutputPath(sortJob,new Path(output_path));
		
		if (fs.exists(new Path(output_path))) {
			fs.delete(new Path(output_path), true);
		}
			
		System.out.print(sortJob.getJobName()+"\t");
		System.out.println((sortJob.waitForCompletion(true) 	? "SUCCESS" : "FAIL"));
		if (fs.exists(new Path (temp_path))){
			//fs.delete(new Path (temp_path), true);
		}
	}
}
]]></snapshot>
  </Command>
  <Command __id="2" _type="MoveCaretCommand" caretOffset="2828" docOffset="3352" timestamp="981" />
  <Command __id="3" _type="EclipseCommand" commandID="org.eclipse.ui.file.properties" timestamp="54048" />
  <Command __id="4" _type="MoveCaretCommand" caretOffset="2737" docOffset="3261" timestamp="56749" />
  <Command __id="5" _type="ShellBoundsCommand" bounds="[0, 23, 600, 773]" repeat="2" timestamp="5242760" timestamp2="5242795" />
  <Command __id="7" _type="ShellBoundsCommand" bounds="[0, 23, 600, 773]" timestamp="5255686" />
  <Command __id="8" _type="ShellBoundsCommand" bounds="[0, 23, 600, 773]" timestamp="5634299" />
  <Command __id="9" _type="ShellBoundsCommand" bounds="[0, 23, 600, 773]" timestamp="5636426" />
  <Command __id="10" _type="ShellBoundsCommand" bounds="[0, 23, 1920, 1053]" repeat="5" timestamp="6383392" timestamp2="6384352" />
  <Command __id="15" _type="MoveCaretCommand" caretOffset="3710" docOffset="4234" timestamp="6398210" />
  <Command __id="16" _type="SelectTextCommand" caretOffset="3714" docEnd="4238" docOffset="4238" docStart="4231" end="3714" start="3707" timestamp="6398367" />
  <Command __id="17" _type="SelectTextCommand" caretOffset="3760" docEnd="4284" docOffset="4284" docStart="4227" end="3760" start="3703" timestamp="6398489" />
  <DocumentChange __id="18" _type="Delete" docASTNodeCount="870" docActiveCodeLength="4709" docExpressionCount="608" docLength="5003" endLine="143" length="57" offset="4227" startLine="142" timestamp="6399060">
    <text><![CDATA[		//sortJob.setCombinerClass(WordFreqSortReducer.class);
]]></text>
  </DocumentChange>
  <Command __id="19" _type="EclipseCommand" commandID="eventLogger.styledTextCommand.DELETE_PREVIOUS" timestamp="6399166" />
  <Command __id="20" _type="MoveCaretCommand" caretOffset="2892" docOffset="3416" timestamp="6401561" />
  <Command __id="21" _type="SelectTextCommand" caretOffset="2900" docEnd="3424" docOffset="3424" docStart="3408" end="2900" start="2884" timestamp="6401707" />
  <Command __id="22" _type="SelectTextCommand" caretOffset="2925" docEnd="3449" docOffset="3449" docStart="3400" end="2925" start="2876" timestamp="6401854" />
  <DocumentChange __id="23" _type="Delete" docASTNodeCount="870" docActiveCodeLength="4706" docExpressionCount="608" docLength="4954" endLine="118" length="49" offset="3400" startLine="117" timestamp="6402004">
    <text><![CDATA[		//job.setCombinerClass(WordFreqReducer.class);
]]></text>
  </DocumentChange>
  <Command __id="24" _type="EclipseCommand" commandID="eventLogger.styledTextCommand.DELETE_PREVIOUS" timestamp="6402022" />
  <Command __id="25" _type="MoveCaretCommand" caretOffset="3532" docOffset="4056" timestamp="6420837" />
  <Command __id="26" _type="MoveCaretCommand" caretOffset="3711" docOffset="4235" timestamp="6784432" />
</Events>
