<Events startTimestamp="1444207971534" logVersion="0.11.0.201504031625" osName="Windows 10" osVersion="10.0" lineSeparator="\r\n" numMonitors="3" monitorBounds="[0, 0, 1920, 1080], [1920, 0, 1280, 800], [-1080, -688, 1080, 1920]">
  <Command __id="0" _type="ShellBoundsCommand" bounds="[-1088, -673, 1096, 1913]" timestamp="101" />
  <Command __id="1" _type="FileOpenCommand" docASTNodeCount="1" docActiveCodeLength="0" docExpressionCount="0" docLength="0" projectName="ChatApp" timestamp="552">
    <filePath><![CDATA[X:\UZH\distributedsystems\src\Assignment1\Server.java]]></filePath>
    <snapshot><![CDATA[]]></snapshot>
  </Command>
  <Command __id="2" _type="MoveCaretCommand" caretOffset="0" docOffset="0" timestamp="753" />
  <Command __id="3" _type="FileOpenCommand" docASTNodeCount="1" docActiveCodeLength="0" docExpressionCount="0" docLength="0" projectName="ChatApp" timestamp="10937">
    <filePath><![CDATA[X:\UZH\distributedsystems\src\Assignment1\Listener.java]]></filePath>
    <snapshot><![CDATA[]]></snapshot>
  </Command>
  <Command __id="4" _type="MoveCaretCommand" caretOffset="0" docOffset="0" timestamp="10999" />
  <Command __id="5" _type="ShellBoundsCommand" bounds="[-1088, -673, 1096, 1913]" timestamp="49902" />
</Events>
