<Events startTimestamp="1448888615342" logVersion="0.11.0.201504031625" osName="Mac OS X" osVersion="10.11.1" lineSeparator="\n" numMonitors="1" monitorBounds="[0, 0, 1280, 800]">
  <Command __id="0" _type="ShellBoundsCommand" bounds="[0, 23, 1280, 773]" timestamp="25" />
  <Command __id="1" _type="FileOpenCommand" docASTNodeCount="527" docActiveCodeLength="2452" docExpressionCount="331" docLength="2597" projectName="Assignment3" timestamp="7418">
    <filePath><![CDATA[/Users/rafael/Workspace/UZH/distributedsystems/assignment3/Assignment3/src/assignment3/WordFreq.java]]></filePath>
    <snapshot><![CDATA[/*
 * (c) University of Zurich 2015
 */

package assignment3;

import scala.Tuple2;
import org.apache.spark.SparkConf;
import org.apache.spark.api.java.JavaPairRDD;
import org.apache.spark.api.java.JavaRDD;
import org.apache.spark.api.java.JavaSparkContext;
import org.apache.spark.api.java.function.FlatMapFunction;
import org.apache.spark.api.java.function.Function2;
import org.apache.spark.api.java.function.PairFunction;
import java.io.BufferedWriter;
import java.io.File;
import java.io.FileWriter;
import java.util.ArrayList;
import java.util.Arrays;
import java.util.List;
import java.util.regex.Pattern;

public final class WordFreq {
	public static void main(String[] args) throws Exception {

		
		SparkConf conf = new SparkConf().setAppName("JavaWordCount").setMaster("local");
		JavaSparkContext sc = new JavaSparkContext(conf);
		JavaRDD<String> lines = sc.textFile(args[0], 1);

		JavaRDD<String> words = lines.flatMap(new FlatMapFunction<String, String>() {
			@Override
			public Iterable<String> call(String s) {
				//String str = s.replace("-", " ").replace("#", " ").toUpperCase();
				//return Arrays.asList(str.split(" "));
				return Arrays.asList(s.split(" "));
			}
		});

		JavaPairRDD<String, Integer> ones = words.mapToPair(new PairFunction<String, String, Integer>() {
			@Override
			public Tuple2<String, Integer> call(String s) {
				return new Tuple2<String, Integer>(s, 1);
			}
		});

		JavaPairRDD<String, Integer> counts = ones.reduceByKey(new Function2<Integer, Integer, Integer>() {
			@Override
			public Integer call(Integer i1, Integer i2) {
				return i1 + i2;
			}
		});

		JavaPairRDD<Integer, String> swappedPair = counts
				.mapToPair(new PairFunction<Tuple2<String, Integer>, Integer, String>() {
					@Override
					public Tuple2<Integer, String> call(Tuple2<String, Integer> item) throws Exception {
						return item.swap();
					}

				});
		JavaPairRDD<Integer, String> swappedPairSorted = swappedPair.sortByKey(false);
		JavaPairRDD<String, Integer> swappedPairSortedSwapBack = swappedPairSorted
				.mapToPair(new PairFunction<Tuple2<Integer, String>, String, Integer>() {
					@Override
					public Tuple2<String, Integer> call(Tuple2<Integer, String> item) throws Exception {
						return item.swap();
					}

				});

		List<Tuple2<String, Integer>> output = swappedPairSortedSwapBack.take(10);

		File file = new File(args[1]);
		BufferedWriter outputBW = new BufferedWriter(new FileWriter(file));

		for (Tuple2<?, ?> tuple : output) {
			outputBW.write(tuple._1() + "\t" + tuple._2() +"\n");
		}
		outputBW.close();
		sc.stop();
	}
}
]]></snapshot>
  </Command>
  <Command __id="2" _type="MoveCaretCommand" caretOffset="706" docOffset="706" timestamp="7620" />
  <Command __id="3" _type="MoveCaretCommand" caretOffset="1039" docOffset="1039" timestamp="12283" />
  <Command __id="4" _type="SelectTextCommand" caretOffset="1043" docEnd="1043" docOffset="1043" docStart="1037" end="1043" start="1037" timestamp="12427" />
  <Command __id="5" _type="SelectTextCommand" caretOffset="1103" docEnd="1103" docOffset="1103" docStart="1031" end="1103" start="1031" timestamp="12890" />
  <Command __id="6" _type="MoveCaretCommand" caretOffset="1124" docOffset="1124" timestamp="13436" />
  <Command __id="7" _type="FileOpenCommand" docASTNodeCount="319" docActiveCodeLength="1592" docExpressionCount="216" docLength="1592" projectName="Assignment3" timestamp="23464">
    <filePath><![CDATA[/Users/rafael/Workspace/UZH/distributedsystems/assignment3/Assignment3/src/assignment3/AverageTime.java]]></filePath>
    <snapshot><![CDATA[package assignment3;

import org.apache.spark.SparkConf;
import org.apache.spark.api.java.JavaRDD;
import org.apache.spark.api.java.JavaSparkContext;
import org.apache.spark.api.java.function.Function;
import org.apache.spark.api.java.function.Function2;
import java.io.BufferedWriter;
import java.io.File;
import java.io.FileWriter;
import java.text.DecimalFormat;

public final class AverageTime {
	
	public static Integer last_timestamp = null;
	public static void main(String[] args) throws Exception {

		
		SparkConf conf = new SparkConf().setAppName("AverageTime").setMaster("local");
		JavaSparkContext sc = new JavaSparkContext(conf);
		
		JavaRDD<String> lines = sc.textFile(args[0], 1);
		
		
		JavaRDD<Integer> timestamps = lines.map(new Function<String,Integer>() {
			@Override
			public Integer call(String s) {
				s = s.toUpperCase().trim();
				if(s.contains(" TIMESTAMP=")){
					last_timestamp = Integer.parseInt(s.replaceAll(".*TIMESTAMP=\"", "").replaceAll("\".*", ""));
				}
				if(s.startsWith("<COMMAND")){
					return 1;
				}else{					
					return 0;
				}
			}
		});
		
		int n_commands = timestamps.reduce(new Function2<Integer,Integer,Integer>(){
			@Override
			public Integer call(Integer arg0,Integer arg1) throws Exception {
				Integer toReturn = arg0+arg1;
				return toReturn;
			}	
		});

		File file = new File(args[1]);
		BufferedWriter outputBW = new BufferedWriter(new FileWriter(file));
		Double avg_time =  ((double)last_timestamp / n_commands);
		outputBW.write( new DecimalFormat("#.##").format(avg_time));
		outputBW.close();
		sc.stop();
	}
}
]]></snapshot>
  </Command>
  <Command __id="8" _type="MoveCaretCommand" caretOffset="0" docOffset="0" timestamp="23693" />
  <Command __id="9" _type="MoveCaretCommand" caretOffset="1043" docOffset="1043" timestamp="31536" />
  <Command __id="10" _type="SelectTextCommand" caretOffset="1044" docEnd="1044" docOffset="1044" docStart="1038" end="1044" start="1038" timestamp="31655" />
  <Command __id="11" _type="SelectTextCommand" caretOffset="1048" docEnd="1048" docOffset="1048" docStart="1033" end="1048" start="1033" timestamp="31791" />
  <Command __id="12" _type="MoveCaretCommand" caretOffset="1073" docOffset="1073" timestamp="32747" />
  <Command __id="13" _type="SelectTextCommand" caretOffset="1075" docEnd="1075" docOffset="1075" docStart="1069" end="1075" start="1069" timestamp="32883" />
  <Command __id="14" _type="SelectTextCommand" caretOffset="1079" docEnd="1079" docOffset="1079" docStart="1064" end="1079" start="1064" timestamp="33035" />
  <Command __id="15" _type="MoveCaretCommand" caretOffset="1078" docOffset="1078" timestamp="33451" />
  <Command __id="16" _type="MoveCaretCommand" caretOffset="1314" docOffset="1314" timestamp="35135" />
  <Command __id="17" _type="SelectTextCommand" caretOffset="1315" docEnd="1315" docOffset="1315" docStart="1294" end="1315" start="1294" timestamp="35554" />
  <Command __id="18" _type="MoveCaretCommand" caretOffset="1314" docOffset="1314" timestamp="35969" />
  <Command __id="19" _type="SelectTextCommand" caretOffset="1315" docEnd="1315" docOffset="1315" docStart="1294" end="1315" start="1294" timestamp="36411" />
  <Command __id="20" _type="MoveCaretCommand" caretOffset="1314" docOffset="1314" timestamp="36909" />
  <Command __id="21" _type="MoveCaretCommand" caretOffset="1154" docOffset="1154" timestamp="45660" />
  <Command __id="22" _type="SelectTextCommand" caretOffset="1157" docEnd="1157" docOffset="1157" docStart="1150" end="1157" start="1150" timestamp="45827" />
  <Command __id="23" _type="FileOpenCommand" docASTNodeCount="387" docActiveCodeLength="1786" docExpressionCount="259" docLength="1786" projectName="Assignment3" timestamp="58762">
    <filePath><![CDATA[/Users/rafael/Workspace/UZH/distributedsystems/assignment3/Assignment3/src/assignment3/CommandCount.java]]></filePath>
    <snapshot><![CDATA[package assignment3;

import java.util.List;
import java.io.BufferedWriter;
import java.io.File;
import java.io.FileWriter;

import org.apache.spark.SparkConf;
import org.apache.spark.api.java.JavaPairRDD;
import org.apache.spark.api.java.JavaRDD;
import org.apache.spark.api.java.JavaSparkContext;
import org.apache.spark.api.java.function.Function2;
import org.apache.spark.api.java.function.PairFunction;

import scala.Tuple2;

public class CommandCount {
public static void main(String[] args) throws Exception {

		
		SparkConf conf = new SparkConf().setAppName("CommandCount").setMaster("local");
		JavaSparkContext sc = new JavaSparkContext(conf);
		JavaRDD<String> lines = sc.textFile(args[0], 1);
		
		
		JavaPairRDD<Integer,Integer> timestamps = lines.mapToPair(new PairFunction<String,Integer,Integer>() {
			@Override
			public Tuple2<Integer,Integer> call(String s) {
				s = s.toUpperCase().trim();
				if(s.startsWith("<COMMAND")){
					Integer timestamp = Integer.parseInt(s.replaceAll(".*TIMESTAMP=\"", "").replaceAll("\".*", ""));
					return new Tuple2<Integer,Integer>(timestamp/900000,1);
				}
				return new Tuple2<Integer,Integer>(0,0);
			}
		});
		
		JavaPairRDD<Integer,Integer> reduce = timestamps.reduceByKey(new Function2<Integer,Integer,Integer>(){
			@Override
			public Integer call(Integer arg0, Integer arg1) throws Exception {
				return arg0+arg1;
			}
		});

		JavaPairRDD<Integer,Integer> sorted = reduce.sortByKey();
		
		List<Tuple2<Integer,Integer>> output = sorted.take((int)reduce.count());
		
		File file = new File(args[1]);
		BufferedWriter outputBW = new BufferedWriter(new FileWriter(file));
		for(Tuple2<Integer,Integer> tuple : output){
			outputBW.write( tuple._1 + "\t"+ tuple._2 +"\n");
		}
		
		outputBW.close();
		sc.stop();
	}
}
]]></snapshot>
  </Command>
  <Command __id="24" _type="MoveCaretCommand" caretOffset="0" docOffset="0" timestamp="59196" />
</Events>
