<Events startTimestamp="1448715233718" logVersion="0.11.0.201504031625" osName="Mac OS X" osVersion="10.11.1" lineSeparator="\n" numMonitors="3" monitorBounds="[0, 0, 1920, 1080], [1920, 0, 1280, 800], [-1080, -688, 1080, 1920]">
  <Command __id="0" _type="ShellBoundsCommand" bounds="[0, 23, 1920, 1053]" timestamp="20" />
  <Command __id="1" _type="FileOpenCommand" docASTNodeCount="557" docActiveCodeLength="2592" docExpressionCount="357" docLength="2631" projectName="Assignment3" timestamp="67">
    <filePath><![CDATA[/Users/rafael/Workspace/UZH/distributedsystems/assignment3/Assignment3/src/assignment3/WordCountExample.java]]></filePath>
    <snapshot><![CDATA[/*
 * (c) University of Zurich 2015
 */

package assignment3;

import scala.Tuple2;

import org.apache.spark.SparkConf;
import org.apache.spark.api.java.JavaPairRDD;
import org.apache.spark.api.java.JavaRDD;
import org.apache.spark.api.java.JavaSparkContext;
import org.apache.spark.api.java.function.FlatMapFunction;
import org.apache.spark.api.java.function.Function2;
import org.apache.spark.api.java.function.PairFunction;

import java.io.BufferedWriter;
import java.io.File;
import java.io.FileWriter;
import java.util.ArrayList;
import java.util.Arrays;
import java.util.List;
import java.util.regex.Pattern;

public final class WordCountExample {
	public static void main(String[] args) throws Exception {

		
		SparkConf sparkConf = new SparkConf().setAppName("JavaWordCount").setMaster("local");
		JavaSparkContext ctx = new JavaSparkContext(sparkConf);
		JavaRDD<String> lines = ctx.textFile(args[0], 1);

		JavaRDD<String> words = lines.flatMap(new FlatMapFunction<String, String>() {
			@Override
			public Iterable<String> call(String s) {
				String str = s.replace("-", " ").replace("#", " ").toUpperCase();
				return Arrays.asList(str.split(" "));
			}
		});

		JavaPairRDD<String, Integer> ones = words.mapToPair(new PairFunction<String, String, Integer>() {
			@Override
			public Tuple2<String, Integer> call(String s) {
				return new Tuple2<String, Integer>(s, 1);
			}
		});

		JavaPairRDD<String, Integer> counts = ones.reduceByKey(new Function2<Integer, Integer, Integer>() {
			@Override
			public Integer call(Integer i1, Integer i2) {
				return i1 + i2;
			}
		});

		JavaPairRDD<Integer, String> swappedPair = counts
				.mapToPair(new PairFunction<Tuple2<String, Integer>, Integer, String>() {
					@Override
					public Tuple2<Integer, String> call(Tuple2<String, Integer> item) throws Exception {
						return item.swap();
					}

				});
		JavaPairRDD<Integer, String> swappedPairSorted = swappedPair.sortByKey(false);
		JavaPairRDD<String, Integer> swappedPairSortedSwapBack = swappedPairSorted
				.mapToPair(new PairFunction<Tuple2<Integer, String>, String, Integer>() {
					@Override
					public Tuple2<String, Integer> call(Tuple2<Integer, String> item) throws Exception {
						return item.swap();
					}

				});

		List<Tuple2<String, Integer>> output = swappedPairSortedSwapBack.take(10);

		File file = new File(args[1]);
		BufferedWriter outputBW = new BufferedWriter(new FileWriter(file));

		for (Tuple2<?, ?> tuple : output) {
			System.out.println(tuple._1() + "\t" + tuple._2());
			outputBW.write(tuple._1() + "\t" + tuple._2() +"\n");
		}
		outputBW.close();
		ctx.stop();
	}
}
]]></snapshot>
  </Command>
  <Command __id="2" _type="MoveCaretCommand" caretOffset="637" docOffset="1175" timestamp="764" />
  <Command __id="3" _type="MoveCaretCommand" caretOffset="421" docOffset="959" timestamp="4541" />
  <Command __id="4" _type="MoveCaretCommand" caretOffset="1049" docOffset="1587" timestamp="17241" />
  <Command __id="5" _type="MoveCaretCommand" caretOffset="359" docOffset="897" timestamp="19953" />
  <Command __id="6" _type="EclipseCommand" commandID="com.zeroturnaround.eclipse.optimizer.plugin.commands.OpenPluginWindow" timestamp="58333" />
  <Command __id="7" _type="EclipseCommand" commandID="org.eclipse.equinox.p2.ui.sdk.installationDetails" timestamp="69538" />
